,title,title_label,description,description_label
0, 모바일  메인 홍보 모델로    설현  선정,0,한편   설현 은 최근     바이러스를 다룬     시리즈   세계적 유행 에서 다큐멘터리 내레이션에 처음 도전해 호평을 받았으며   의 새 드라마  낮과 밤  출연을 검토중이다  게임과 이벤트에 대한  ,1
1,김병민  기본소득도 필요하면 논의 테이블에 올려야   인터뷰 ,0,변화의 핵심 중에서는 우리 사회가 신종    바이러스 감염증   의 위기를 마주하고 있다  언제 끝이날 지 또 앞으로 어떠한 미래가 펼치질 지 모른다  국가가 나서서 국민의 어려움을 해결해 줘야 한다  저희  ,1
2, 년만 첫  불허 에도 홍콩  톈안문 추모 촛불,1,경찰은     감염이 우려된다며  명 이상을 모이는 집회를 봉쇄해왔고 지난 홍콩 국가보안법 시위 때도  하지만 홍콩 경찰은     확산을 막는다며 올해는 이를 불허했다  이런 상황은  년 만에 처음이다  주최  ,1
3,경산시 농산물 드라이브 스루 특별할인 판매행사 개최,0,이번 행사는     확대 장기화로 인해 지역소비 판로에 어려움을 겪고 있는 농가 돕기 등 소비촉진을 위해 마련됐다  행사에는 계란 구  연근  햇감자  새송이  방울토마토  깻잎  햇양파  오이고추 등  개 품목의  ,1
4,당신이 아는 미술  시장이 아는 미술   한국 현대 미술 시장을 이끄는 작가,0,최근 갤러리 현대 창업  주년 기념전에 이 작품이 전시되자    의 영향에도 마스크를 착용한 관람객의  미술계 트렌드 그리고 한국 미술 시장 글 정태희 서울옥션 스페셜리스트 세계 경기 침체와     여파로  ,1
5,  상반기 신입 및 경력직 공채 시행,0,    감안해  차 면접  비대면 역량검사  도입 국내 최대 치킨 프랜차이즈인 제너시스 비비큐 회장    채용관계자는  는 한국을 대표하는 책임감 있는 브랜드로서    로 침체된 채용 분위기  ,1
6,미소짓는 의료진,1, 일 오후 서울 중랑구 서울의료원에서 열린  서울의료원 잠시멈춤 콘서트 에서 신종    바이러스 감염증    환자 진료를 위해 수고해 온 의료진들이 가수 폴 킴의 공연을 보고 있다   뉴스 ,1
7,휴넷  리더십 게임러닝 프로그램  아르고  출시,0,플립러닝은 온라인 학습 후 교실에서 토론 및 심화학습을 거쳐  거꾸로 교실 이라고도 불리며  포스트     시대 교육 방식으로 주목받고 있다  아르고 리더십 편은 다양한 상황에 따라 게임을 통해 리더십 유형을  ,1
8,광주 서구 양동  민 관 협력으로 주거환경 개선,1,특히 오래된 도배 장판 및 침대  장롱 등 가구 교체와 함께     예방을 위한 방역도 진행하는 등 쾌적한 주거환경 조성에 힘썼다  변미자 양동 동장은  어려운 이웃을 위해 봉사에 나서준 이들에게 감사하다 며  ,1
9,손흥민의 고백   주간의 군사훈련  힘들지만 즐겼다 ,1,    사태가 터진 가운데 병영생활을 한 손흥민의 경험은 영국에서 화제다  손흥민은  첫 날은 서로 잘 몰라서 서먹했지만 금방 친해졌다   명이서 한 방을 썼더니 정말 친해졌다  서로 돕고 호흡이 좋았다 고  ,1
10,   카타르  선 수주  문 대통령 경제외교 결실 ,1,청와대는  일  해외에서 낭보가 이어지고 있다 며  문재인 대통령이 포스트     시대 경제위기  이어  정상회담을 통해 양국 간 협력을 에너지 외에 의료    등으로 확장했고  최근 카타르에       관련  ,1
11, 유통 나누기 세상 더하기  세븐일레븐  유치원 통학차량에 공기청정기 설치 ,1,맥도날드는    로 방역 작업에 힘쓰고 있는 대구 지하철 청소 근로자에게 빅맥과 커피를 증정했다  패션업계도 나눔 활동에 동참한다  코오롱인더스트리 임직원들은 성과 포상금 중  만원을    로 어려움을  ,1
12, 함양군 브리핑  명품 함양양파 특판  서울서 인기몰이 등,1,  명품 함양양파 특판전 모습   사진제공 함양군    함양군   일 롯데마트 서울역점 양파소비촉진 판촉행사     로 지친 농심 위로 함양군이     장기화에 따라 소비 위축 등 판매에 어려움을 겪고 있는  ,1
13, 이십세기  민아  룰라 때문에 다른 가수들 앨범 일정 미뤄 ,0,지난 주 방송된      이십세기 힛트송   회에서는  노래방 대리만족 방구석에서 즐기는 힛 트쏭  을 주제로     로 노래방 대신 집에서 흥을 폭발시켜줄 수 있는 과거 힛트송으로 시청자들의 무료함을 달랬다  ,1
14, 유플러스   분기 개인용   글라스  출시,0, 유플러스는    로 인한 언택트 시대에 맞춰  일 엔리얼과 올쇼 를 통해   글라스 온라인 애플리케이션 앱  개발 세미나를 개최한다    글라스를 활용  다양한   앱을 개발할 수 있는   생태계를 만들기  ,1
15,울릉군 신청사 건립 본격 착수   입지선정위원회  개최,0,김병수 울릉군수는  가용부지가 절대부족한 우리 울릉군 특성상 신청사 부지 선정은 우리 군 발전의 미래  년 대계를 결정할 매우 중요한 사안이다 며     등으로 다소 지연됐지만 울릉군 행정력과  ,1
16,   선  척 수주   방역 신뢰 결과물 ,0,청와대가  일 카타르  액화천연가스  운반선 수주를 지목해     사태 극복 과정에서 쌓인  방역에  특히 최근 카타르에     관련 진단장비 공급과  방역 경험 공유 등 양국 간 협력의 범위를 확대했다 고  ,1
17,성빈센트병원  혈액난 극복 위한 교직원 헌혈 행사 개최,1,이날 행사는     장기화에 따라 헌혈이 감소해 혈액 수급에 어려움이 지속됨에 따라 혈액 재고량 안정화 및 수혈이 필요한 환우들에게 힘을 보태기 위해 갖게 됐다  행사는 대한적십자사 경기혈액원에서 헌혈차량을  ,1
18,    의료진  공연보며 힘내세요 ,0, 일 오후 서울 중랑구 서울의료원에서 열린  서울의료원 잠시멈춤 콘서트 에서 신종    바이러스 감염증    환자 진료를 위해 수고해 온 의료진들이 가수 수안의 공연을 보고 있다   뉴스 ,1
19,성남 판교동 건물 근무  대 남성  일     확진,0,경기 성남시 판교동의 한 건물에서 근무 중인  대 남성  씨가  일     양성 판정을 받았다  이 건물에는 학원이 있어 원생  명과 직원  명에 대해 시는 전수조사를 실시하기로 했다  이어 학원과 편의점  ,1
20,경기도  유흥업소도 최고  만원 지역화폐로 지원,1,경기도가 신종    바이러스감염증    사태의 장기화로 어려움을 겪는 취약노동자와 영세사업자에 대한 긴급 지원에 나섰다  택배기사 등 취약노동자에게는  인당  만원씩 소득손실 보상금을  집합금지  ,1
21,  콘텐츠마켓     온라인 개최 내달  일부터 한 달간,0,올해  는    에 따른 대면접촉이 어려운 상황 속에서 국내 콘텐츠 산업군의 활로모색을  추진하여      로 침체된 콘텐츠 산업 발전에 동력을 부여하고자 한다 라며     에 참여하는 국내외  ,1
22,전북도  농산시책평가 전국 위 시상금  천만원 전액 기부,0,송하진 도지사는     등 지역사회를 위해 공무원들이 앞장서서 착한 기부 릴레이를 하고 있다 며 특히  천년 전북의 미래 발전을 책임질 지역인재 양성을 위해 깊은 관심을 가지고 장학사업에 동참하는 것은  ,1
23,정읍시  시청 종합민원실 방문 시 마스크 의무 착용  강화 ,0,최근 이태원 클럽발과 부천 쿠팡물류센터 등     집단감염 사태가 발생한 만큼 다중 밀집 공간 감염을  의회관 출입문에 설치된 열화상카메라도 지속 운영해     유입 차단에 총력을 다한다는 방침이다  시  ,1
24,중기중앙회 신세계백화점  중소기업 소상공인 특별전,1,   로 어려움을 겪는 중소기업과 소상공인의 판로개척에 도움을 줄 것으로 중기중앙회는 기대했다  추문갑 중기중앙회 경제정책본부장은  백화점 입점이 어려운 중소기업 소상공인에게 이번 특별전은 새로운  ,1
25,김포시  국내 최초 버스 스마트 발열체크기 도입,0,정하영 시장은  장기화 되고 있는    로부터 우리 스스로를 지키기 위해서는 생활 속 방역이 일상화 돼야 한다 며  이번 발열체크기 도입으로 시민들께서 더욱 안심하고 대중교통을 이용하실 수 있을 것 같다 고  ,1
26,평택시 새마을지도자 통복동협의회   년 방역발대식 개최,1,표광오 통복동장     확산의 위협이 사라지지 않은 상황에서 방역대원 모두 시민의 건강지킴이라는 자부심을 가지고 민 관이 굳건한 방역 협력체계를 구축하며 감염병 없는 건강한 통복동이 될 수 있도록 적극  ,1
27,적십자봉사회 호평지회  서로버팀목 후원금  만원 기탁,0,통해    로 갑작스런 어려움에 처한 취약계층을 위한 후원금  만원을 동부희망케어센터에 지정  김복순 적십자봉사회 호평지회장은  얼마 안 되는 금액이지만 회원들의 정성을 모았다 며   로 많은  ,1
28,평택시 안중읍 행정복지센터   힘내세요 사장님 소상공인 응원 캠페인 참여,1,이날 안중읍장과 주민참예예산 지역협의회는  찾아가는 읍면동 주민참여예산학교  교육 참석 후    로 어려움을 겪고 있는 소상공인에게 작은 힘을 보태기 위해 행정복지센터 근처 상가 지역을 찾아 점심 식사를  ,1
29,서산시  외국전문음식점 아시안마트 특별단속,0,또한 원산지 표시 리플릿 및 원산지 표시판 배부와 식중독 예방수칙 및     예방 홍보활동도 병행할 예정이다  최교상 감사담당관은  이번 단속을 통해 양심이 사라진 행위와 원산지 및 식품위해 사고 예방에 최선을  ,1
30,화천군 보건의료원 음압 구급차량 구입,0,업코리아      화천군 보건의료원 음압 구급차량 구입  업코리아  화천군 보건의료원이 신속한     대응을 위해 음압 구급차량을 구입했다  화천군은     확진자 발생 시 신속히 이송할 수 있는 음압  ,1
31,만성질환자     예방 대응에 총력,0,업코리아      남원시청  업코리아  남원시보건소는    의 지역 확산에 따른 주민들의 불안감을  제공하고     대응을 위한 감염병 예방 생활수칙을 교육해 개인별 맞춤 건강관리를 제공했다  특히  ,1
32,계룡시  여름철  폭염대응  종합대책 추진,0,특히 이번 폭염대응은     감염 예방 및 확산 방지를 위해 많은 사람이 모이거나 접촉가능성이 높은  행동요령과     감염예방을 위한 냉방기기 사용법 등을 홍보해 주민 건강과 안전 제고에 집중할 예정이다 ,1
33,중기중앙회  신세계백화점서  중소기업 소상공인 특별전  개최,0,특별전은 신종    바이러스 감염증   로 어려움을 겪고 있는 중소기업과 소상공인의 판로개척을 위해 기획됐다  이 행사는 지난  월 신세계백화점 본점에서 처음 개최한 이후 의정부 대구 광주 부산 등  ,1
34,무주군  공공산림가꾸기  두 마리 토끼  잡아,0,사업추진에 앞서 지난  월 산림바이오매스 수집단  명을 선발 완료하고 참여자를 대상으로     관련  산림녹지과 이상일 산림조성 팀장은    로 침체되어 있는 상황에서 이번 사업을 통해 사회적  ,1
35, 하이닉스  작년  사회적 가치  실적 부진 환경영향 최소화 노력 ,1,   와 같은 국가적 전염병 이슈나 자연재해에 대비하여 국민들의 안전과 생존을 지원하는 사회적 안전망도 지속 개발해 나간다는 계획이다  한편  하이닉스는 지난해 지역사회  고객  협력사  주주를 대상으로  ,1
36,속초시  시민중심원탁회의 제 차 자문회의 개최,0, 시민중심원탁회의 는 당초  월중 개최할 예정이었으나     확산방지를 위해 부득이하게 연기된 이후   월부터 생활 속 거리두기로 방역지침이 전환됨에 따라 발열체크  손소독제 비치  마스크 착용 등 방역에  ,1
37,여수시  학생 가정  제 차 농산물 꾸러미  포인트 지원,0,한편 여수시는     사태로 어린이집 휴원과 개학연기가 장기화됨에 따라 지난  월부터  월까지  억  천만 원을 긴급 투입해 어린이집 유치원  초 중 고 특수 교 학생 가정에 친환경농산물과 수산물 꾸러미를  ,1
38,평택시 바르게살기 세교동 위원회  현충일 맞아 태극기달기운동 전개,0,강경화 위원장은  월 호국영령의 달을 맞아 순국선열들을 기리는 가장 첫걸음은 태극기 게양이라 생각 한다 며    로 인해 외출이 어려운 만큼  태극기 게양을 통해 순국선열에 대한 감사한 마음을 되새기는 날이  ,1
39,무안군  개학 맞이     예방 캠페인 실시,0,내외뉴스통신    전남 무안군은 지난  일과  일 남악초등학교와 무안초등학교에서 개학맞이     있도록     예방수칙을 적극 홍보했다  이와 더불어 마스크 잘 쓰기  친구들과 떨어져 앉기  창문을 열어  ,1
40, 분에 끝내는 오늘의 축구 이슈   월  일 해축 브리핑,1,그날의 이슈를 정리해 한눈에 볼 수 있게 정리했다       토트넘  하세베  리버풀  베르너  외질 그래픽 황지영  사진 게티이미지코리아     포포투  무단 전재 및 재배포 금지,1
41,올해도 찾아온 폭염 대구 더위 방역 둘 다 잡을까,0,대구에 올해 첫 폭염특보가 내려진 가운데 대구시가 신종    바이러스감염증    방역과 연계한 폭염대책을 마련했다  거리두기를 유지하면서 폭염취약계층 지원을 확대하는 것에 초점을 맞췄는데 냉방이  ,1
42,인하의대  집단 커닝  사태에  학교도 책임있다 는 학생들 항변,1, 주 현장강의를 진행한 시점에서 신종    바이러스 감염증    사태가 확산해 모든 수업을 휴강했다   씨에 따르면 휴강이 이어지던 중  정형외과  관련 과목을 맡은 한 교수가  지금까지 공부를 제대로 했는지  ,1
43,수안  지친 의료진들을 위한 노래 ,1,가수 수안이  일 오후 서울 중랑구 서울의료원에서 열린  서울의료원 잠시멈춤 콘서트 에서 신종    바이러스 감염증    환자 진료를 위해 수고해 온 의료진들을 위해 공연을 펼치고 있다   뉴스 ,1
44,한우 등심   소비자가격  만 원 첫 돌파,0,    때문에 집에서 식사하는 경우가 늘고 긴급재난지원금을 지급한 효과가 맞물리면서 한우 가격이 날마다 최고가를 경신하고 있습니다  축산물품질평가원 축산유통정보를 보면 어제 일  한우  등급 등심의  ,1
45,해남군  해남읍 도시재생 활성화계획 공청회 개최,0,다양한 의견을 수렴하고  군 의회 의견청취를 거쳐  월경 도시재생 뉴딜사업에 최종 공모할 예정이다  이날 공청회는     감염 예방을 위해 마스크 착용  생활 속 거리두기 등 예방 수칙을 준수한 가운데 진행됐다 ,1
46,수안  지친 의료진들을 위한 노래 ,1,가수 수안이  일 오후 서울 중랑구 서울의료원에서 열린  서울의료원 잠시멈춤 콘서트 에서 신종    바이러스 감염증    환자 진료를 위해 수고해 온 의료진들을 위해 공연을 펼치고 있다   뉴스 ,1
47, 뺄수록 잘나가네  당 나트륨 지방 최소화한  로우푸드  인기,0,정식품 관계자는     이후 건강을 챙기는 트렌드에 따라 저당  저염  저지방에 대한 소비자들의 관심이 더욱 높아지고 있다 며  앞으로도 맛은 물론 체계적인 영양설계로 누구나 안심하고 건강하게 즐길 수  ,1
48,예산소방서  손정호 소방본부장 초도 방문,0,방문해     대응 격려 및 직원들의 의견청취와 당면 현안업무 등을 보고 받았다  손 본부장은 예산소방서  년 주요 및 당면 현안업무 등을 보고 받고 각 과와  안전센터를 순회하며    의 어려운 상황  ,1
49,경북교육청  고 학생  분기 학비 전액 반환   분기는 면제,0,경북교육청은    로 경제적 어려움을 겪고 있는 학부모의 교육비 부담을 덜어주기 위해 미리 납부한  임종식 교육감은  학비 반환을 통해     장기화로 어려움을 겪고 있는 학부모의 교육비 부담을  ,1
50,마이다스에셋   아시아 리더스 테크 성장주 목표전환형 펀드  기준가 달성,0,오남훈 주식운용 본부장은  테크 업종 내에서도    와 미중 무역분쟁으로 일부 수혜를 입는 기업들이 있었다 며  기본적으로   전기차  자동화 로봇 등의 주요 테마에 집중하여 목표 성과를 달성할 수  ,1
51,신한카드  구독경제 주목  딥원스카드  새 광고 시작,0,올  월에 출시된 딥원스카드는 구독 경제에 특화한 상품으로     등의 영향으로 사회적 거리 두기를 일상화한 언택트 시대에 더욱 주목 받고 있다  이번 광고에서 신한카드는 매달 비용을 내고 필요한 물건과  ,1
52,세종시 아동청소년과  농촌 일손돕기 앞장,0, 중부매일 홍종윤 기자  세종시 아동청소년과 직원들이     장기화로 농번기 일손 부족 현상을  김종락 아동청소년과장은    와 농번기가 겹치면서 일손부족으로 어려움을 겪고 있는 농가에 조금이나마  ,1
53, 제 기 스타기업  지정 강소기업 성장 지원,0,김용찬 행정부지사는    로 국내외 경제여건이 어려운 상황이지만 충남을 빛낼 스타기업으로 선정된 것에 자긍심을 갖고 지역경제 활성화를 위해 함께 노력해 달라 고 기업인들에게 당부하며  충남스타기업이  ,1
54, 캐피탈  한국 과  월 쉐보레 콤보 할부,1, 선수금  만원 기준  또 쉐보레는  월에 이어  월에도    로 인한 어려움 속에서도 수고하고 있는 이들을 격려하기 위해  우리들의 히어로 여러분을 쉐보레가 응원합니다              ,1
55,인테리어 공사 불만족   안심 인테리어플랫폼  뚝딱 이 해결사로 나선다   ,0,    이후 집에 있는 시간이 늘어나면서 집을 휴식공간  홈엔터테인먼트 공간  나만의 공간으로 꾸미려는 인테리어 수요가 증가하고  인테리어 시공 결과에 대해 불만을 표시하는 소비자도 덩달아 증가하고 있다  ,1
56, 의료진 힘내세요 ,1, 일 오후 서울 중랑구 서울의료원에서 열린  서울의료원 잠시멈춤 콘서트 에서 신종    바이러스 감염증    환자 진료를 위해 수고해 온 의료진들이 가수 수안의 공연을 보고 있다   뉴스 ,1
57, 무궁화  동두천시자원봉사센터 이동세탁차량 세제지원 협약,0,이날 행사에 참여한 최용덕 시장은  무궁화는 지난  일     극복을 위한 나눔키트 세제  비누  전달에 이어  이동세탁차량 운영사업에도 세제 및 섬유유연제를 지원해주셔서 다시 한 번 감사드린다 며  관내에  ,1
58,  경남 김해에 제 데이터센터   건립,0, 은 자체 보유한 통합 클라우드 서비스  의 사업 확대와 더불어  포스트     시대로 본격화된 디지털 전환으로 클라우드 수요 급증이 예상됨에 따라  의 데이터 수용 능력을 넘어선 새로운  데이터  ,1
59,농어촌   억 상생펀드 조성해 중소기업과 동반성장,0,광주전남 지역 소재 중소기업과 일자리창출기업은 최대  억 원  창업기업과     피해 중소기업은 최대  이번 상생펀드를 통한 대출금리 우대는 실질적인 이자 부담 완화로    로 경영의 어려움을 겪고 있는  ,1
60, 학원도  코드 도입 학원법 개정도 추진,0,최근 학원을 통한     감염 사례가 이어지자 교육부는 방역수칙을 위반하는 학원을 처벌하기 위해  올  월 이후 전국  개 학원에서 학생과 강사 등  명이    에 감염됐습니다   유은혜   부총리 겸 교육부  ,1
61, 중고  겹친 시위  진정세 향후  주일 중대고비,0,미 언론은 이번 사태와 관련해  사실상 무정부  등의 표현으로 규정하며  인종차별에     사태 등 네가지  주방위군의 경우     지원에 투입한 병력까지 합치면  만 명쯤으로 미국 내 각종 사태에 동원된 규모로는  ,1
62,한국판 뉴딜에  조 투자   디지털 그린 산업 신진대사 촉진 ,1,    경제 위기 극복의 해법치고는 비중이 크지 않은데  정부는  년까지  배에 달하는  조 원을  산업의 신진대사를 촉진하는 것이     위기를 기회로 살리는 방향이라고 보고 있습니다    신호입니다 ,1
63, 디지털 적응은 생존 문제 단절 극복할 포용이 핵심 ,0,    확산으로 온라인 수업과 같은 비대면 활동이 늘면서 디지털 환경 적응이 현대 생활의 필수 요소가  포스트     시대에 대비한 디지털 환경 토론회에 이혜리 기자가 다녀왔습니다   기자  사상 초유의 온라인  ,1
64, 석남역 메트로시티  홍보관 오픈  인천 서북권 교통망 품은 대단지 아파트,0,한편  석남역 메트로시티 홍보관은 인천광역시 서구 가좌동에 위치해 있으며     예방과 방문객 편의  방문자 간 접촉 최소화를 위해 사전 방문 예약제를 실시하고 있다 ,1
65,  트럼프 복용 말라리아약의     치료제 실험 재개,0,세계보건기구   는 도널드 트럼프 미국 대통령이     예방 차원에서 복용하고 있다고 밝힌 말라리아  앞서 테워드로스 사무총장은 지난달  일     치료제의 효능과 안전성을 실험하는  의  연대 실험 에서  ,1
66,설계사 만족도 높은  대리점  원금융서비스 ,0, 원금융서비스  소비자의 만족도를 위한 서비스 제공  신뢰도 높아 입사 희망자 수 증가 요즘    로  또한    로 인해 해외여행이 중단된 지금  직원 복지 차원에서 양평에 별장 원금융빌리지 을 마련해  ,1
67,소모임에도 방역관리자 운영 사각지대 없앤다,1,방역 당국의 손길이 미치지 않는 곳까지     관리를 강화하기 위해서입니다  김학무 기자의 보도입니다   기자  최근     확진자가 속출하는 곳은 물류센터 등 다중이용시설과 종교 소모임  이에 따라 정부는  ,1
68,의료진의 미소,1, 일 오후 서울 중랑구 서울의료원에서 열린  서울의료원 잠시멈춤 콘서트 에서 신종    바이러스 감염증    환자 진료를 위해 수고해 온 의료진들이 가수 폴 킴의 공연을 보고 있다   뉴스 ,1
69,유럽 각국  국경 속속 재개방 유럽 지역 관광객 입국 허용,0,유럽 각국이     확산을 막기 위해 닫았던 역내 국경을 속속 다시 열고 있습니다     의 최대 피해국 가운데 하나인 이탈리아는 현지시간  일부터 국경을 열고 유럽 지역의 관광객 입국을 허용했습니다  ,1
70, 여시아문  손,1,    확산을 막기 위해 무료 급식소가 모두 문을 닫았다  그가 허기를 해결하던 곳을 잃어버린 것이다  노숙인들에게는    보다 더 무서운 것이 굶주림일 지도 모른다  바이러스가 우리들 서로의 손을 멀어지게 할  ,1
71,    방역지침 딥러닝  수어 통역 기술로 제작,0,아직 기술이 완성되지는 않았는데  우선 이 기술을 활용해     생활방역 지침을 수어 애니메이션으로 제작해 공개했습니다  이정우 기자입니다   기자      이후 감염자 정보와 동선  감염병 예방을 위한 정부  ,1
72,여수시      극복 문화예술단체에  만원 지원,0,여수시가    의 장기화로 각종 문화행사가 취소 연기되어 경제적으로 어려움을 겪고 있는 지역의  권오봉 여수시장은    로 어려움을 겪고 있는 여수 지역의 문화예술단체에 재정적 지원을 통해  ,1
73,봉화군  안전한 축산물 생산 위한   교육 실시,0,특히 이번 교육은       확산을 방지하기 위해 사전에 교육 참석여부를 확인하였고  마스크 착용 등 개인 위생수칙 준수  교육장 소독  교육자 간 거리두기 등 교육시설 감염병 예방수칙에 따라 교육을  ,1
74,김용범 기재  차관  월 경상수지 적자  일시적 요인 월 흑자 ,1,이어  또 다른 일시적 요인은 신종    바이러스 감염증   으로 인한 세계 경제 부진과 이에 따른 수출 부진 영향 이라며  통상 상품수지가 흑자를 기록하며 소득수지 적자 폭을 메꿨지만 올  월은 무역수지  ,1
75,경주시  유원시설 야영장 사회적 거리두기 점검,1,경주시는      사회적 거리두기 에서  생활 속 거리두기 로 전환된 이후 관내 야영장 및  안내함으로써     예방 및 조기 종식에 최선을 다하고 있다    경주 유원시설 및 야영장 사회적거리두기 점검 모습  ,1
76,영양군  외국인 계절근로사업 추진 위한 농가설명회 개최,0,  영양군청 전경  영양군 이날 설명회에서는 올해 상반기    의 전 세계적 확산으로 인해 중지되었던 외국인 계절근로사업의 추진일정 및 도입 인원  그리고     상황에 대한 대응방안 등을 설명했다  ,1
77,경주시  경희학교 기숙사 고등학교     진단검사,1,대상으로     진단검사를 실시했다고  일 밝혔다    경주시  경희학교 및 기숙사 고등학교     진단검사 모습   경주시 제공 경주시보건소와 경주교육지원청은 지난달  일부터  일까지 관내  개교  학생  ,1
78,고삐 풀린 광교 집값  무섭네 강남 집값  턱밑  추격,1, 억이 넘는 초고가 아파트값이 정부의 부동산 규제와    에 따른 거래 침체 분위기를 뚫고 무섭게 오르고 있다  최근  억원을 넘어  억원에 실거래되는 단지들이 속속 나오면서 강남 일대 아파트 단지의  ,1
79,경북교육청   분기 학비 학부모들에 반환,0,경북교육청 교육감 임종식 은 지난  월  일까지    로 경제적 어려움을 겪고 있는 학부모의 교육비  임종식 교육감은 학비 반환을 통해     장기화로 어려움을 겪고 있는 학부모의 교육비 부담을  ,1
80,전주비전대학교  혁신지원사업 유형  평가 최우수  등급  획득,0,및      로 인해 침체된 지역사회 발전에 기여할 수 있도록 더욱 노력할 것 이라고 말했다  포스트    를 대비한 비대면  온라인 수업을 위한 인프라 구축 및 콘텐츠 개발  취업률 향상을 위한 프로그램  ,1
81, 더프레시  계육 농가 돕기 나섰다 생닭  마리  만원  계육 프로모션  실 ,0,닭고기 가격이     이후에도 하락하는 것은 한우와 돼지고기는 쉽게 구워 먹을 수 있는 반면 닭고기는 복잡한 요리과정을 거쳐야 하는 불편함이 있기 때문으로 분석된다 ,1
82,롯데관광개발  제주 드림타워 신규 채용 박차   그랜드하얏트 로 운영 예정,0,김진희 롯데관광개발 인사총괄 상무는     확산을 우려해 화상면접으로만 채용이 이루어지면서 채용 과정에 애로가 적지 않았다 며  이번 면접으로 개장을 앞둔 제주 드림타워 복합리조트 신규 채용에 만전을  ,1
83,교육부  수도권 지역 대상 학교 밀집도 최소화 조치 시행,1,박백범 교육부 차관이  일  수도권 지역 대상  강화된 학교 밀집도 최소화 조치 시행  브리핑을 하고 있다 사진 교육부  교육부 유은혜 부총리 겸 교육부장관 는 최근 수도권 서울  경기  인천  지역     확진자 증가에  ,1
84,교보생명  베테랑 재무설계 매니저  이제 온라인서 만나요 ,0,포스트     시대를 앞두고 비대면 영업환경에 적극적으로 대응하면서  온라인을 통해 고객에게        사태로 대면 상담을 꺼리는 고객이나  원거리에 있어 다이렉트 지점 방문이 어려운 고객 등 누구나 이용할  ,1
85, 트렌드톡톡  잘못된 다이어트 하지 말아요 요요현상 없이 살 자,0,   로 외부 활동이 제한되면서 활동량이 줄어들자 살이 확 쪘다는 의미인데요  하지만 급격히 찐 살을 빼기 위해 잘못된 다이어트를 했다가는 요요현상을 부를 수 있습니다  요요 현상이 반복되고 체중 변화가 심한  ,1
86,세정그룹   덕분에 챌린지  응원 캠페인 동참,0,패션기업 세정그룹 회장 박순호 이 지난달  일      치료와 확산 방지를 위해 힘쓰는 대한민국 모든  세정 박순호 회장은    를 극복하기 위해 신속한 대처로 앞장서고 있는 정부 관계자와 밤낮없이 헌신하는  ,1
87,경산시      소비촉진 위한 농산물 드라이브 스루 판매행사 개최,0,이번 행사는     확대 장기화로 인해 지역소비 판로에 어려움을 겪고 있는 농가 돕기 등 소비촉진을 위해 마련된 자리이며  지난달  일의  차 행사 또한 시민들에게 큰 호응을 얻었다 이번 행사에서는 채소류  개  ,1
88,권찬호 팔달구청장  관내 녹지 사업 대상지 현장점검,0,기후환경을 조절하는 효과도 있을 것으로 기대하고 있다  권 구청장은  녹지 정비로 도심 속 녹색 공간을 시민들이 더욱 쾌적하게 이용할 수 있게 됐다     로 인해 지친 시민들의 마음에 위안이 되길 바란다 고 말했다 ,1
89, 코리아      극복 위한 지원 확대,0,통해     극복을 지원하겠다고 밝혔다   코리아는 임직원들의 자발적 모금액과  재단의 출연금을 합쳐 총  억  천 만원을 희망브리지 전국재해구호협회에 기탁했다  이 기부금은     방역을 위해 노력하는  ,1
90,수도요금 분할 납부 허용 납부유예 시행,0,또 최근     여파로 경제적 어려움을 겪고 있는 소상공인  영세업자 등이 수도요금 감면이나 요금  지자체에게     상황을 반영해 즉시 시행하도록 권고했다  국민권익위 권석원 권익개선정책국장은  이번  ,1
91,완도에 대규모 호텔 리조트 들어선다,1,김영록 지사는  국립난대수목원 유치와 함께 블루투어 관광산업의 초석이 될 이번 호텔 리조트 투자기업과 협약은    로 위축된 지역 관광산업에 활력을 불어넣을 것 이라며  전남에 투자한 것을 참 잘했다는  ,1
92,한국핀테크지원센터   핀테크 리더스 아카데미  온라인 전환 월부터 기존 대 ,1,이번  월에는     확산 방지를 위해 기존 대면 강의를 비대면 실시간 온라인 강의로 전환해 진행된다  각 교육과정마다  개월씩  명 내외의 수강생을 대상으로 수업을 진행하며     가 완화되면  월  ,1
93,카페베네  하겐다즈와 손잡고 여름 신메뉴 출시 관련 프로모션 진행,0,하겐다즈 아이스크림을 활용한 이번 카페베네 여름 신메뉴는     여파로 사회적 거리 두기가 일상화되면서  인 메뉴를 선호하는 식문화에 맞춰 보다 안전하고 가볍게 즐길 수 있는 컵빙수  종과 프라페노 음료  종  ,1
94,상주 신병  주일 만에 훈련 끝난 이유는 ,0,올 시즌은    로  리그가 늦게 개막하였지만 국방부의 시계는 변함없이 돌아간다  이에  월에  명의  특히    로 전입 선수들의  주간 자가 격리 공백과 체력 훈련이 큰 걸림돌이었다  만일 이번  기 선수들이  ,1
95,  고생하는     의료진에게 치킨 등 간식 지원,1, 가 모기업  그룹과 함께 신종    바이러스 감염증   로 인해 전국 각지에서 고군분투 중인 의료진들을 위해   시그니처 메뉴인 핫크리스피치킨 등 간식을 지원했다고  일 밝혔다   는 계속되는  ,1
96, 포스트    포스트    시대 기업전략 언택트 넘어 딥택트 지향해야,1,    사태 이후 기업들이 생존하기 위해서는 대면  사업과 비대면  사업 최적 조합을  이번 경영콘서트에서 김경준 딜로이트 컨설팅 부회장은     이후 언택트 시대  우리의 미래는 을 주제로  ,1
97, 포스트    포스트    시대 기업전략 언택트 넘어 딥택트 지향해야,1,    사태 이후 기업들이 생존하기 위해서는 대면  사업과 비대면  사업 최적 조합을  이번 경영콘서트에서 김경준 딜로이트 컨설팅 부회장은     이후 언택트 시대  우리의 미래는 을 주제로  ,1
98,경남농업기술원  신품종 육성 밀 유전자원 평가회 열어,0,도 농기원에 따르면 올 한해 전 세계를 강타한    로 물적 인적자원의 이동이 제한되고 그에 따른 식량부족의 위기감은 식량안보의 중요성에 대해 다시한번 생각하게 밀 부흥을 위한 중장기적인 대책이 필요하다  ,1
99,미국  중국에 항공기 운항금지 등  제제 폭탄 ,1,하지만 홍콩 경찰은 신종    바이러스 감염증    확산 우려로 올해는 이를 불허했다 홍콩에서   톈안먼 민주화 시위 가 금지된 건  년 만에 처음이다  집회 주최 측이 이에 대해서 반발하며 집회 강행을  ,1
100,청양군  문화 활성화 위한 소통 공감 워크숍 개최,0,계획이며      이후 군민들의 다양한 문화생활 영위를 위해 창의적이고 새로운 공연이 이어지도록 열린 행정을 펼칠 방침이다  김돈곤 군수는     때문에 군민들의 삶  경제  사회 등 많은 분야에 변화가  ,1
101, 네이버 포스트  산림분야 중증장애인 일자리 나온다,0,이번 협약은 신종    바이러스 감염증   으로 경제와 고용 등 사회 전반에 걸쳐 힘든 시기를 보내고 있는 가운데 산림청이 대한민국 중앙 행정기관으로서 장애인고용에 대한 사회적 책무를 인식하고 선도적  ,1
102,  경남 김해에 제  데이터센터   건립한다,0, 은 자체 보유한 통합 클라우드 서비스  의 사업확대와 더불어  포스트     시대로 본격화된 디지털 전환으로 클라우드 수요 급증이 예상됨에 따라  의 데이터 수용 능력을 넘어선 새로운  ,1
103,무안군  개학맞이     예방 캠페인 실시,0,무안군 군수 김산 은 지난  일과  일 남악초등학교와 무안초등학교에서 개학맞이     예방 캠페인을  있도록     예방수칙을 적극 홍보했다 이와 더불어 마스크 잘 쓰기  친구들과 떨어져 앉기  창문을 열어  ,1
104,성윤모  기업인 이동 신속통로 아세안 국가로 확대 제안,0,기업인 이동 보장  시장개방 확대  포스트     협력 등 제안 박성준 기자   성윤모 산업통상자원부 장관이 아시아 국가의 경제장관들과    현황에 관한 화상회의에 참석  아시아 국가들 간 기업인  ,1
105, 거리두기 체온재고 입장해요 ,1, 일 오후 서울 중랑구 서울의료원에서 열린  서울의료원 잠시멈춤 콘서트 에서 신종    바이러스 감염증    환자 진료를 위해 수고해 온 의료진들이 입장 전 체온을 재고 있다   뉴스 ,1
106,게임으로 지자체 관광자원 알린다,0,최근 포스트     비대면 언택트 시대로의 전환에서 게임의 가능성이 높게 평가되고 있다  정부도 이를 기회삼아 산업을 육성해야 한다고 언급해 게임이 다시금 주목을 받는 추세다  이에따라 지역 자치 단체에서의  ,1
107,포스트     시대  언택트 설계 협업 플랫폼   오픈,1,이는 포스트     시대에 걸맞은 방식으로  타인과의 접촉을 피하면서도 도면과 문서관리를 혁신적으로 처리할 수 있는 플랫폼으로 평가 받는다  비용면에서도 별도의 서버 구축 및 설치 작업이 없어 서버 구축 및  ,1
108, 차관동정  박선호  건설현장 방문해  안전관리 수칙 철저히 준수 ,1,방문해    방역 및 안전관리 현황을 점검하고 현장 관계자 및 근로자들의 노고에 감사의 뜻을 전했다  이날 국토부에 따르면 박 차관은     예방조치 및 안전관리 현황 등을 보고 받은 뒤 현장 관계자들을 만난  ,1
109,청양군  문화 활성화 위한 소통 공감 워크숍 개최,0,계획이며      이후 군민들의 다양한 문화생활 영위를 위해 창의적이고 새로운 공연이 이어지도록 열린 행정을 펼칠 방침이다  김돈곤 군수는     때문에 군민들의 삶  경제  사회 등 많은 분야에 변화가 심하다  ,1
110,제주도교육청  방과후학교 강사 비상금대출 저금리 지원,1,제주도교육청 관계자는     장기화로 어려움을 겪고 있는 방과후학교 강사들에게 조금이나마 도움이 될 수 있도록  월 내 지급할 것을 목표로 하고 있다 고 밝혔다   헤드라인제주 ,1
111,당진시  안전도시 분과위원회 개최,0,시 관계자는  포스트     시대에는 시민의 안전이 더욱 중요한 이슈가 될 것 이라며  유관기관과 민간단체  그리고 시민의 적극적인 참여를 이끌어 안전도시 당진을 함께 만들어가겠다 고 말했다  당진 박승군 기자,1
112,건설사들이 늘고 있다 생활 건설 독려 영향 ,0,정부가    를 극복하기 위한  차 추경안을 공개한 가운데 노후 공공건축물 리모델링 사업이 포함되면서다  어린이집과 보건소  의료기관  공공임대주택 등에 고효율 단열재 환기시스템 등을 보강하는 이  ,1
113,엔젤스파이팅   월  일 파주서     개최,0,   를 넘어 다시 기지개를 켠 엔젤스파이팅챔피언십 박호준 대표 가 한국의 맥그리거와  실제로 지난 월 대회를 개최하려고 했으나 세계적인 팬데믹으로 이어진    바이러스 사태로 무기한  ,1
114,세종시   일 제 회 현충일 추념식 행사 축소 진행,0,올해 현충일 추념식은     확산에 대한 우려와 생활 속 거리두기 지침에 따라 당초 계획 인원인  이춘희 시장은    로 인해 행사 규모가 축소되지만 순국선열과 호국영령을 기리는 마음만큼은 여전히 클 것  ,1
115,의성교육지원청  농산어촌 지역 순회 방과후학교 전문강사 연수회,1,이번 연수에서는 농산어촌 지역 순회 방과 후 학교 전문 강사의 청렴 서약  안전 교육      예방 강조 사항  아동학대 예방교육  전문 강사의 기초소양 등을 교육했다 교육지원청은 등교수업이 실시됨에 따라 우수  ,1
116,보성군 보성군공무원노동조합   년 단체교섭 상견례  개최,1,노조 측 교섭 대표인 안시영 위원장은     상황에서도 노조와 긴밀히 소통하며 흔들림 없이 보성군을  한편  이날 단체교섭은 철저한 방역수칙을 준수한 가운데 개최됐으며      상황임을 감안해 교섭일정을  ,1
117, 창의성과 다양성 으로 다가오는 국내 인디게임 행사,0,있거나    로 인해 홍보에 난항을 겪고 있는 인디게임들을 도와주고 있다  인디게임은 보편적으로  올해도 어김없이  월에 오프라인으로 개최될 예정이었으나     사태로 인해 현장 행사를 취소하고  온라인  ,1
118,충남농협 육군 사단  마늘농가 일손돕기 나서,1,수확 시기를 맞은 마늘 농가는    의 영향으로 외국인 근로자의 입국이 지연되면서 인력수급에  일손돕기 참여자들은 마스크 착용과   건강거리 유지등     예방수칙을 준수하며 농가를 지원했다  길정섭  ,1
119,조명래 환경부 장관  국가 미래 위한 녹색전환 서둘러야 ,0,정부는    에 대응한 한국형 뉴딜의 일환으로 그린뉴딜을 추진하고 있다  조 장관은  기후위기 시대의 녹색전환은 경제의 탈탄소화를 기반으로 생태계의 순환과 자정력이 복원된 생태사회로의 변화를 이끌어  ,1
120,창녕군  초 중 고생들에게 생수 배급,1,경남 창녕군은  일부터     집단감염 예방을 위해 초 중 고  개교 전 학생  명에게  인당  병  군은     예방을 위해 지난  월  만 매의 마스크를 각급 학교에 배부했으며 이번에는 총  만 병의  ,1
121,오산시  현충일 추념식 취소 자율분향소 운영,0,오산시청 전경 사진 오산시  오산시는     확산 방지를 위해 오는  일 예정된  제 회 현충일 추념식 을 취소하고 시민 누구나 자유롭게 참배할 수 있는  자율분향소 를 운영하기로 했다  자율분향소는    가  ,1
122,경북 영천에서  대 여성 해외 입국자     확진  보건당국 긴장,1,경북 영천에서  대 여성 해외 입국자가     확진 판정을 받아 영천시 보건당국이 바짝 긴장하고 있다  영천지역은 지난  월 일부터     확진자가 나오지 않고 있다  영천시에 따르면 지난  일 오전  시쯤  ,1
123, 로봇  서초구청 출입자 발열체크,0, 일 오후 서울 서초구청 입구에서 인공지능 로봇이 신종    바이러스 감염증   예방을 위해 청사 출입자들의 체온을 측정하고 있다  높이가 약   정도인  로봇은 적외선 카메라와 안면인식 기능을  ,1
124,작년  하이닉스 사회적 가치 창출 급감  반도체 저조해 납세 줄어,1,또    와 같은 사태에 대비해 국민들의 안전과 생존을 지원하는 사회적 안전망도 개발한다  김윤욱  하이닉스 지속경영 담당은  년과 대비해 사회적 성과가 큰 폭으로 감소했다 며  특히 부정적 영향이  ,1
125,창녕군   창녕형  비대면 선별진료소 운영,0, 사진제공 창녕군청 아시아뉴스통신 손임규 기자 경남 창녕군은 지난  월  일 도내 최초로     있다    장기화와 감염병 대유행 대비  드라이브 스루형   워킹스루형 등 통합형 선별진료소 운영 중에 있고  ,1
126, 로봇이 똑똑하게 체온 측정해요 ,1, 일 오후 서울 서초구청 입구에서 인공지능 로봇이 신종    바이러스 감염증   예방을 위해 청사 출입자들의 체온을 측정하고 있다  높이가 약   정도인  로봇은 적외선 카메라와 안면인식 기능을  ,1
127,한국판 뉴딜  이름이 중요한 게 아니다  김상철의 경제 톺아보기 ,0,   로 인한 비대면과 디지털 경제의 확산이라는 구조적 변화에 선제적으로 대응해 경제구조 고도화와  포스트     시대의 혁신성장을 준비하기 위한 일련의 계획에 한국판 뉴딜이라는 이름을 붙인 것일 뿐이다  ,1
128,    예방 위해 서초구청에 배치된 인공지능 로봇,1,적외선 카메라와 안면인식 기술이 탑재된 인공지능  로봇이  일 서울 서초구청 출입문에 배치돼 구청 출입자들의 체온 측정과 마스크 착용 유무 및 올바른 마스크 착용 여부를 체크하고 있다      ,1
129,동료들도 특급대우 구창모  형들이 대투수라고 놀려요 ,0,    때문에 힘드실 텐데 팬분들이 어디서든 최선 다해 응원해주셔서 잘하고 있다  언젠가 야구장에서 같이 야구 즐겼으면 좋을 것 같다  한국시리즈도 기대하고 있다  창원,1
130,폴킴    로 지친 의료진 위해 ,0,가수 폴 킴이  일 오후 서울 중랑구 서울의료원에서 열린  서울의료원 잠시멈춤 콘서트 에서 신종    바이러스 감염증    환자 진료를 위해 수고해 온 의료진들을 위해 공연을 펼치고 있다   뉴스 ,1
131,경기도 지자체  택배기사 등 취약노동자에  인당  만원  소득손실 보상금 ,0,경기도에서     진단검사로 일을 하지 못하게 되는 택배기사와 영세사업자 등 취약노동자들중  이는 쿠팡 물류센터 집합제한 금지 등 수도권을 중심으로     집단감염 재확산에 따른 방역 조치 과정에서  ,1
132,    예방 위해 서초구청에 배치된 인공지능 로봇,1,적외선 카메라와 안면인식 기술이 탑재된 인공지능  로봇이  일 서울 서초구청 출입문에 배치돼 구청 출입자들의 체온 측정과 마스크 착용 유무 및 올바른 마스크 착용 여부를 체크하고 있다      ,1
133,의료진 사연읽는 폴킴,1,가수 폴 킴이  일 오후 서울 중랑구 서울의료원에서 열린  서울의료원 잠시멈춤 콘서트 에서 신종    바이러스 감염증    환자 진료를 위해 수고해 온 의료진들을 위해 공연을 펼친 후 의료진의 사연을  ,1
134, 반도 행복의 나라로  칸 영화제 초청작 선정,0,    여파로 개최가 사실상 무산된 칸 영화제가 올해 초청작을 선정해 발표했습니다  한국 영화는 연상호     로 개최가 무산된 가운데서도  편의 초청작을 선정했는데  한국 영화는 연상호 감독의  반도 와  ,1
135,한국전력기술  김천시 에너지 혁신성장 지원사업 적극 지원,0,이날 행사에 참석한 김충섭 김천시장은  한국전력기술의 에너지 역량이 관내 중소기업의 에너지 효율화 향상에 큰 도움이 될 것 이라며     로 어려운 시기임에도 지역 사회를 위한 노력을 아끼지 않는 모습에  ,1
136,  국내     극복 지원 동참,0, 코리아 대표 김대환 가 국내     극복을 위해 자사 기술과 자원을 투입하고 있다   코리아와   이번   코리아의 성금은     방역을 위해 노력하는 의료진 및 자원봉사자를 지원하는 것은 물론  도움의  ,1
137,안면온도 측정하는  로봇,1, 일 오후 서울 서초구청 입구에서 인공지능 로봇이 신종    바이러스 감염증   예방을 위해 청사 출입자들의 체온을 측정하고 있다  높이가 약   정도인  로봇은 적외선 카메라와 안면인식 기능을  ,1
138,동국제약  야외활동 증가  진드기 기피제  디펜스벅스더블  쓰세요 ,0,최근    로 등산 캠핑 등 비대면 야외활동을 즐기는 사람이 증가함에 따라 진드기 매개 감염병에 대한 주의가 요구된다  환경부와 국립공원공단에 따르면 지난  월  일부터  월  일까지 북한산과 계룡산 등의  ,1
139, 기고  군사 전쟁과     전쟁의  메타포 ,1,대사     가 작년 말 중국 우한에서 발생한 후 세계보건기구  는  월 초 세계적인 유행병을 의미하는 팬데믹으로 분류했다 테드로스 세계보건기구   사무총장은 한 걸음 더 나아가  세계는 지금    와 전쟁  ,1
140,  올  분기에 세계 최초    글라스  선보인다,1,  엔리얼과 함께  글래스 온라인 앱  개발 세미나 개최  유플러스는    로 인한 언택트 시대에 맞춰 엔리얼과 함께  글래스 온라인 앱  개발 세미나를 개최한다   일 오전  시  분부터 한 시간 동안  ,1
141, 홈쇼핑   소셜 임팩트 프로젝트  창업 특강 온라인 진행,0,특히 올해는 신종    바이러스 감염증으로 인한  생활속 거리두기 를 준수하고자  사회혁신 창업에 성공한 대표들의 이야기를 듣고 소통하는 특히  창업특강  프로그램을 온라인으로 전환해 진행하고 있다  특히  ,1
142, 현대산업개발   스마트시티 플랫폼 사업  추진 위한 업무 협약 체결,0,특히    를 계기로 마련된 정부 주도의  한국판 뉴딜 프로젝트 가 가시화됨에 따라  양사가 추진하는  포스트     시대 도시 주거 환경의 디지털트랜스포메이션   을 선도해 나갈 것 이라고  ,1
143,이재명     검사로 영업손실 취약노동자에게  만원 지급 ,0,경기도와 시군이     검사를 받은 택배기사 등에 손실보상금  만원을 지역화폐로 지급한다  또  담은     사태 장기화에 따른 취약노동자 및 행정명령대상 영세사업자 지원방안 을 발표했다  최근  ,1
144,익명의 기부자 의왕시 내손 동 주민센터에 긴급재난지원금으로 백미 기부,0,이상원 내손 동장은    로 모두 힘들고 어려울 때에 긴급 재난지원금으로 소중한 후원물품을 기부하여 지역경제와 취약계층에게도 도움이 되는 일석이조의 효과가 있다고 생각한다 며   기부를 해주신 익명의  ,1
145, 현장에서  마스크로  호국불교  실천,0,지난  월 일이 부처님오신날 국가공휴일이었지만  신종    바이러스 감염증    확산으로 윤  월 일인  월 일로 한 달 연기해 개최한 것이다  한 해에 두 번 부처님오신날 봉축행사를 봉행한 것은 전대미문의  ,1
146,와이즈넛  인천공항공사에 챗봇 서비스 구축,1,포스트     시대를 극복해나갈 수 있는 비대면 스마트 공항 서비스 제공을 위해 적극 노력해 나갈 것 이라고 말했다  강용성 와이즈넛 대표는  국내 최다   챗봇 상용 노하우와 상용화 서비스를 운영하고 있는  ,1
147,한컴 상사  글로벌 시장 공략 맞손,1,이날 양사는  차산업혁명 및 포스트    시대에 필요한 언택트솔루션과 사물인터넷  인공지능 등  김상철 한컴그룹 회장은    를 겪으면서 정부부처  지자체  기업  학생 등 다양한 레퍼런스와 사용자들을  ,1
148, 하이닉스  지난해 경제 분야에  조  억원 간접 기여,1,   와 같은 국가적 전염병 이슈나 자연재해에 대비하여 국민들의 안전과 생존을 지원하는 사회적 안전망도 지속 개발해 나간다는 계획이다  한편  하이닉스는 지난해 지역사회  고객  협력사  주주를 대상으로  ,1
149,자활기업  반희담  광주시에 여름용 면 마스크  장 기부,0, 사진 광주시  이번 여름용 면 마스크 기부는 최근 수도권을 중심으로    가 다시 확산되고 있어 이를  이에 대해 신동헌 시장은  최근    집단감염 사례와 생활 속 거리두기로 전환되면서 개인위생의  ,1
150,유은혜  등교  한 번은 반드시 겪어야 뒤쳐져 있을 수 없어 ,0,유은혜 사회부총리 겸 교육부 장관이  차 등교 이틀째를 맞아  신종    바이러스  감염증 상황 속에서 한  신종    바이러스 감염증    유행 속 교육부의 순차등교 방침에 따라 고등학교는 지난달  일  ,1
151, 카드로 스쿨뱅킹 자동납부 시  최대  만 원 캐시백,0,장길동  카드 마케팅본부장은  신종    바이러스로 인해 많은 어려움을 겪고 있는 고객에게 조금이나마 힘이 될 수 있도록 이벤트를 준비했다 며  앞으로도 고객 생활 전반에서 다양한 혜택을 제공할 수 있도록  ,1
152,이정영 전 금왕읍지역발전협의회장      극복 성금 전달,0, 중부매일 서인석 기자  이정영 전  금왕읍 지역발전협의회장이  일 금왕읍 행정복지센터를 방문      극복을 위해 써달라 며 상품권  만원을 기탁했다  이 전  금왕읍지역발전협의회장은     ,1
153,장덕초      대비 점심시간 칸막이  교실 도시락  운영,0,맞아     극복을 위해 최선을 다하고 있다 일 광주서부교육지원청에 따르면 장덕초등학교는 학생 수  여 명에 이르는 거대학교이다  장덕초에서는    로부터 학생들을 안전하게 지키기 위해 입실 전 발열  ,1
154,동국제약  야외활동 증가  진드기 기피제  디펜스벅스더블  쓰세요 ,0,최근    로 등산 캠핑 등 비대면 야외활동을 즐기는 사람이 증가함에 따라 진드기 매개 감염병에 대한 주의가 요구된다  환경부와 국립공원공단에 따르면 지난  월  일부터  월  일까지 북한산과 계룡산 등의  ,1
155, 홈쇼핑   소셜 임팩트 프로젝트  창업 특강 온라인 진행,0,특히 올해는 신종    바이러스 감염증으로 인한  생활속 거리두기 를 준수하고자  사회혁신 창업에 성공한 대표들의 이야기를 듣고 소통하는 특히  창업특강  프로그램을 온라인으로 전환해 진행하고 있다  특히  ,1
156,유은혜  등교  한 번은 반드시 겪어야 뒤쳐져 있을 수 없어 ,0,유은혜 사회부총리 겸 교육부 장관이  차 등교 이틀째를 맞아  신종    바이러스  감염증 상황 속에서 한  신종    바이러스 감염증    유행 속 교육부의 순차등교 방침에 따라 고등학교는 지난달  일  ,1
157,이정영 전 금왕읍지역발전협의회장      극복 성금 전달,0, 중부매일 서인석 기자  이정영 전  금왕읍 지역발전협의회장이  일 금왕읍 행정복지센터를 방문      극복을 위해 써달라 며 상품권  만원을 기탁했다  이 전  금왕읍지역발전협의회장은     ,1
158, 대신심 대용맹심 내어 빈틈없이 정진하라 ,0,한편  전국선원수좌회는     감염 예방에 동참하기 위해 경자년 하안거 결제일을 음력  월  일에서 윤달  월  일로 연기했다  이에 따라 경자년 하안거 결제는  월  일로  전국 선원에서는  여 명의 수좌가 석 달간의  ,1
159,안면온도 측정하는  로봇,1, 일 오후 서울 서초구청 입구에서 인공지능 로봇이 신종    바이러스 감염증   예방을 위해 청사 출입자들의 체온을 측정하고 있다  높이가 약   정도인  로봇은 적외선 카메라와 안면인식 기능을  ,1
160,전남도   국립난대수목원  유치 초석 투자협약 체결,0,김영록 전남도지사는  국립난대수목원 유치와 함께 블루투어 관광산업의 초석이 될 이번 호텔리조트 투자기업과 협약은    로 위축된 지역 관광산업에 활력을 불어넣을 것이다 며  전남에 투자한 것을  ,1
161,  올  분기에 세계 최초    글라스  선보인다,1,  엔리얼과 함께  글래스 온라인 앱  개발 세미나 개최  유플러스는    로 인한 언택트 시대에 맞춰 엔리얼과 함께  글래스 온라인 앱  개발 세미나를 개최한다   일 오전  시  분부터 한 시간 동안  ,1
162,서초구청 입구에 설치된 발열체크 로봇,1, 일 오후 서울 서초구청 입구에서 인공지능 로봇이 신종    바이러스 감염증   예방을 위해 청사 출입자들의 체온을 측정하고 있다  높이가 약   정도인  로봇은 적외선 카메라와 안면인식 기능을  ,1
163,일본 외무상  한국   제소에  결론은 안 나 무슨 생각일까 ,0,시 주석의 국빈 방일은 당초 올해  월로 예정됐다가 신종    바이러스 감염증    확산 여파로 연기됐습니다  그는 시 주석의 방일 시기에 대해  월로 예정된  주요  개국  정상회의가 먼저 오는 것은 틀림이  ,1
164,여수시  지역 문화예술단체에 지역상품권  만원 지원,0,전남 여수시는    의 장기화로 어려움을 겪고 있는 지역의 문화예술단체에  만원 상당의 여수사랑상품권을 지원한다고  일 밝혔다  지원대상은 고유번호증 또는 사업자등록증의 소재지가 여수이며   년부터  ,1
165, 년  민주항쟁이 울산에서 더 뜨거웠던 이유,1,울산기념사업위원회는    로 국가적 위기 속에 진행되는 민주항쟁 기념식이라 생활속  이어  아울러     이후 변화할 세상에서 가장 모범적인 방역과 극복으로 세울 새로운 이정표에 국민 모두와  ,1
166, 셀트리온    이상 상승    치료제 사업도 주목   유진투자증권   ,0,대해     항체 치료제를 개발 중인 셀트리온이 동물대상 효능 시험에서 의미 있는 결과를 도출      항체치료제도 개발 완료 후 글로벌 판매는 셀트리온헬스케어가 담당 이라고 분석하며  투자의견   ,1
167,과기정통부   다함께 디지털 세상으로 월은 정보문화의 달 ,1,올해는 신종    바이러스 감염증   으로 경제 사회분야 디지털 대전환이 가속화되는 상황 속 모든 구성원들이 빠짐없이 디지털 혜택을 누릴 수 있도록 하자는  디지털 포용 에 방점을 둬 행사가 기획됐다  ,1
168,거리두고 앉아 폴킴 공연보는 의료진들,0, 일 오후 서울 중랑구 서울의료원에서 열린  서울의료원 잠시멈춤 콘서트 에서 신종    바이러스 감염증    환자 진료를 위해 수고해 온 의료진들이 가수 폴 킴의 공연을 보고 있다   뉴스 ,1
169,똑똑한 로봇의 발열체크,1, 일 오후 서울 서초구청 입구에서 인공지능 로봇이 신종    바이러스 감염증   예방을 위해 청사 출입자들의 체온을 측정하고 있다  높이가 약   정도인  로봇은 적외선 카메라와 안면인식 기능을  ,1
170,문체부 식약처  스포츠 도핑방지와 불법 의약품 유통근절 협력,1,특히 최근    로 인해 도핑검사가 느슨해질 수 있다는 우려가 높은 상황이기 때문에 양 부처는 도핑 및 불법 의약품 유통 판매에 대한 단속을 강화하고  한국도핑방지위원회는 의심스러운 사례가 접수되는 경우 즉시  ,1
171,안면온도 측정하는  로봇,1, 일 오후 서울 서초구청 입구에서 인공지능 로봇이 신종    바이러스 감염증   예방을 위해 청사 출입자들의 체온을 측정하고 있다  높이가 약   정도인  로봇은 적외선 카메라와 안면인식 기능을  ,1
172,충남도  스타기업  개사 지정 현판식 개최,0,김용찬 행정부지사는    로 국내외 경제여건이 어려운 상황이지만  충남을 빛낼 스타기업으로 선정된 것에 자긍심을 갖고 지역경제 활성화를 위해 함께 노력해 달라 고 기업인들에게 당부하며   충남스타기업이  ,1
173, 금강전설  의왕시에 성금  만원 기탁,0,임현 에서    로 인해 어려움을 겪고 있는 저소득층을 위해 사용해 달라며  일 의왕시에 성금  만원을 기부했다  임현 대표는      로 더욱 어려움을 겪고 있는 저소득층과 함께 하고자 성금을 기탁하게 되었다  ,1
174,국내 첫 임상     백신 놓고  서 소송전,0,신종     백신 임상시험 중인 이노비오 백신 생산하는   상대  서 소송  백신 대량생산 정보 공개  신종     바이러스 백신을 둘러싸고 소송이 벌어졌다  개발회사인 이노비오가 백신 제조를 맡은 국내  ,1
175,마이다스에셋  아시아성장주펀드 목표수익 초과 달성,0,펀드 운용을 맡은 오남훈 주식운용 본부장은  펀드 설정 직후에     본격적인 확대  미중 무역분쟁 재점화 등으로 주식시장의 급등락이 있었지만  테크 업종 내에서도    와 미중 무역분쟁으로 일부 수혜를  ,1
176, 번가  전북 농특산물 기획전 연다 신동진 쌀 아리울 떡 할인,0,이상호  번가 사장은    의 장기화로 농산물 유통과 전반적인 소비심리가 위축된 상황에서 전라북도의 품질 좋은 상품들을 고객에게 선보이고 지역경제 활성화를 돕게 돼 뜻깊게 생각한다 며  판로 개척에  ,1
177,웰크론  케어온베이직마스크     승인,1,웰크론그룹 관계자는    가 전세계적으로 여전히 확산되고 있는 가운데  이번 케어온밸브마스크의  국내 및 각 국가의 요청에 빠르게 대응하여     예방에 적극 기여하는 기업이 되겠다 고 말했다 ,1
178,대학로 연극  리미트 에 배우 김민교 출연이 확정 ,0,연극  리미트 의 연출자로써  리미트 에 대한 애정과 사랑이 남다른 김민교는  연극을 통해    로 인해 지친 관객들에게 밝은 웃음과 긍정적인 에너지를 선물해주고 싶다 고 말했다   리미트 는 대학로  ,1
179, 생방송오늘저녁 파김치장어뚝배기 닭볶음탕 눈중풍,1,    극복   인 여름 보양식   우리 집 늦둥이  하이에나 남매   매운 꽃이 몸에 좋다  약이 되는 꽃     슬기로운 외식생활      극복   인 여름 보양식    에 예년보다 빨리 찾아온 더위로 지친 사람들을  ,1
180, 기자수첩  불평등 화두  심상정이 묻고 김종인이 답하다,0,   로 우리의 일상은 완전히 바뀌었다  경제 흐름과 정책  국가 기조는 이제 모두  포스트    에 초점이 맞춰졌다  이미 정부와 지자체는 한 차례 긴급재난지원금을 지급해 경제 활성화에 나섰다  하지만 정치권  ,1
181,청와대  과학기술 투자 강화해  기술 역량 기반한 글로벌 선도형 경제 만들 ,0,포스트     시대를 대비해 우리 경제를 글로벌 선도형 경제로 변화하기 위해 앞으로도 과학기술을  포스트     시대 경제위기 극복방안으로 제시한  선도형 경제  실현 가능성을 상징적으로 보여줬다는데  ,1
182,괴산 청천푸른내상인협동조합  시장내에  버섯한끼  운영,0,그러면서  많은 분들이 오셔서 버섯이 들어간 색다른 건강 분식을 맛보시고  빼어난 자연경관을 자랑하는 괴산에서    로 지친 심신을 치유하는 기회도 가져 보시기 바란다 고 당부했다 ,1
183,국회 원구성 협상 난항  속타는 청와대,0,우려      차 팬데믹 대비 질병관리청 승격도 시급  협치 당부  문 대통령 개원 연설도 미뤄질 듯  대 국회 원구성 협상이 난항을 겪으면서 청와대가 속을 태우고 있다  원구성이 늦어지면     국난극복을 위해  ,1
184,세정그룹      의료진 응원  덕분에 챌린지  캠페인 동참,0,패션기업 세정그룹은 지난달  일     치료와 확산 방지를 위해 힘쓰는 대한민국 모든 의료진에 대한  박순호 세정 회장은    를 극복하기 위해 신속한 대처로 앞장서고 있는 정부 관계자와 밤낮없이 헌신하는  ,1
185,식약처 문체부  스포츠 도핑방지 및 불법 의약품 유통근절 협력,1,최근    로 인한 도핑검사가 느슨해질 수 있다는 우려가 높은 상황이기 때문에 양 부처는 도핑 및 불법 의약품 유통 판매에 대한 단속을 강화하고  의심스러운 사례에 대한 즉각적 표적검사 실시 등 강력하게 조치해  ,1
186,조봉환 소진공 이사장  임직원과  전통시장 소비 활성화  구슬땀,1,인해    로 큰 타격을 입었던 전통시장에 서서히 활기가 돌고 있다 며  이 활기가 계속 이어질 수 있도록 지속적인 관심이 필요하다 고 말했다  이에 대해 조 이사장은  전국 전통시장이    로 매우 힘든 시기를  ,1
187,대구 상원중학교 학생     신규 확진 인후염 관련증상 보여,0,출처   온라인커뮤니티 대구 달서구에 위치한 상원중학교 학생 한 명이     확진 판정을 받았다  이로써 대구지역     확진 환자가  명 추가됐다   일 대구시와 중앙방역대책본부 등에 따르면 이날 오전 달서구  ,1
188, 기능 탑재된 로봇  발열체크,1, 일 오후 서울 서초구청 입구에서 인공지능 로봇이 신종    바이러스 감염증   예방을 위해 청사 출입자들의 체온을 측정하고 있다  높이가 약   정도인  로봇은 적외선 카메라와 안면인식 기능을  ,1
189,발열 체크하는  로봇,1, 일 오후 서울 서초구청 입구에서 인공지능 로봇이 신종    바이러스 감염증   예방을 위해 청사 출입자들의 체온을 측정하고 있다  높이가 약   정도인  로봇은 적외선 카메라와 안면인식 기능을  ,1
190,이상직  민주당 전북도당위원장 합의추대에 공감,1,이상직 의원은     등으로 국난 극복이 최대 이슈가 된 상황에서 경선보다는 합의 추대를 통한 선출방식이 좋겠다는 의견에 뜻을 같이했다 고 말했다  민주당 도당 위원장직에는 전주을 이상직 의원과 전주병  ,1
191,조봉환  시장 방문객 많이 늘어나 모바일상품권 장보기,1,조 이사장은  전국의 전통시장이    로 매우 힘든 시기를 보냈는데  월부터 최근까지 전통시장  여곳을 돌아보니 실제로 방문객들이 많이 늘어난 모습이었다 며  앞으로 대한민국 동행세일과 같은 공동 마케팅  ,1
192, 발열체크도 스마트하게 ,1, 일 오후 서울 서초구청 입구에서 인공지능 로봇이 신종    바이러스 감염증   예방을 위해 청사 출입자들의 체온을 측정하고 있다  높이가 약   정도인  로봇은 적외선 카메라와 안면인식 기능을  ,1
193,화성도시공사  실내 외 공공시설 개방운영 중단,0,공공시설을    의 수도권 집단 발생에 따라 오는  월  일까지 운영을 일시 중단하기로 했다  금번  이용중단 기간은 향후     상황에 따라 연장될 수 있으며  재개장 일정은 관련 부처 지침 및 지자체 지역 감염  ,1
194,인천 개척 교회 관련 확진자  명 등  명 추가 감염,0,인천시는 미추홀구 거주자인  살   씨와 연수구에 사는 목사  살   씨가       확진 판정을 받았다고 밝혔습니다    씨는 개척교회 집단 감염으로 양성 판정을 받은 미추홀구 목사와 지난달  일부터 세 차례 같이  ,1
195, 더벨 우리종금      반사이익  쏠쏠 ,1,우리종합금융이     사태 반사이익을 누리고 있다  은행권에서 신규대출을 보수적으로 관리하면서  앞서  월    가 확산할 무렵 우리종금은  억원 가량의 유동성을 확보했다  다음 달부터 본격적으로 이  ,1
196, 생명존중 강조하셨던 무산 스님 혜안 더욱 그립습니다 ,0,무산스님  주기 다례재는     확산 방지를 위해  월 일에서  월 일로 한 달 연기해 봉행됐다  이날  주기 다례재에는 조계종 전계대화상 성우 스님을 비롯해 원로의원 원행  동화사 회주 의현  화암사 회주 정휴  전  ,1
197,안산시  선제적 방역활동으로 지역사회 확산방지 총력,1, 안산시가 수도권을 중심으로    집단 감염이 산발적으로 발생하고 있는 가운데 모든 행정력을  내     방역부스 를 별도 설치해 방역 및 생활 수칙에 대한 홍보 현수막을 게시하고 마스크 등 방역물품을  ,1
198,  김해에 제 데이터센터 건립한다,0, 은 자체 보유한 통합 클라우드 서비스  의 사업 확대와 함께  포스트     시대로 본격화된 디지털 전환으로 클라우드 수요 급증이 예상됨에 따라  의 데이터 수용 능력을 넘어선 새로운  데이터  ,1
199,안성시      추경  억 원 예산 긴급 편성,0,안성시청 전경  안성시는    로 피해를 입은 소상공인들의 경영 안정을 위해 긴급 생활안정자금을 지급위해     추경을 통해  억 원의 예산을 긴급 편성했다  시에 따르면  년  월 대비  년  월  ,1
200,일본 전범기업 자산 현금화 본격화 한일관계 우려 커져,0,특히 요즘에는 한일 양국이 모두 신종    바이러스 감염증    확산에 대응하느라 강제징용 해법 찾기를 사실상 중단한 분위기다  더구나 최근 일본이 수출규제 조치를 취소하지 않으면서 갈등이 고조되는  ,1
201,오산시 드림스타트   칼림바 익히기  프로그램 실시  ,1,칼림바는 맑고 청아한 소리가 나며 악보집만으로도 손쉽게 익힐 수 있어 요즘     취미생활로 인기가 많은 악기다  프로그램 운영은 드림스타트 아동과 부모에게 일주일 단위로 연주곡 미션을 주고 악보집의  ,1
202,인천 미추홀구   작은극장돌체  학산소극장 공연 인터넷으로 공개,0,    여파로 무관중으로 진행된 올해 첫 공연은 작은극장돌체의  최용민의 재즈스토리 와 학산소극장의  김정식 미추홀구청장은     상황이 빨리 끝나 문화예술 공연을 직접 관람할 수 있는 날이 곧 오길  ,1
203, 전자 산학연 협의체  원팀  합류,0,우선     확산방지를 위해  의 통신 데이터와 감염병 확산방지 노하우에  의 통신 및 로밍   원팀은    와 같은 감염병 외에도 환경오염  산업안전 등 사회문제 해결에  를 적극적으로 활용할  ,1
204,창업진흥원   스타트업 이슈 트렌드 매주 카드뉴스로 제공,0,스타트업 주간 이슈 리포트는     등 급변하는 스타트업 생태계를 주기적으로 모니터링해 적시성  트렌드 와  포스트     시대 국내외 스타트업 정책  등 다양한 주제를 기획해 선보일 예정이다  이순배  ,1
205,보청기  구입보다 사후관리가 더 중요,0,스타키라이프에서는 신제품 보청기  착용시 전혀 보이지 않는 초소형 고막형 보청기  인공지능 보청기를 일 무료체험 할 수 있는 기회를 제공하고 있으며    로 어려운 시기 함께 극복하고자 한쪽 구입 시   양쪽  ,1
206, 더벨 저축은행  중기 리테일 가파른 성장,1,    사태 속에서 빠르게 몸집을 키웠지만 건전성 지표는 되레 개선될 만큼 우량해졌다는 평가다  여기에     사태 여파로 캐피탈사에서 대출이 어려워진 중기 고객들이 저축은행으로 발길을  ,1
207,재고 면세품 팔아도 깜깜 면세점업계 유급휴직 확산,1,면세점업계가     여파에 유급휴직을 확대하고 있다      장기화로 매출이 회복될 기미를 보이지 않는 만큼 인건비 절감에 나선 것으로 분석된다   일 업계에 따르면 신라면세점은 이달 중순부터 서울 본점  ,1
208,오산시환경보전시민위원단 오산남부장애인주간보호센터  장애인 복지 증진 위 ,0,박미순 회장은    로 온 국민이 어려움을 겪고 있는 시기에 역설적이게도 멍들은 지구는 되살아나고 생물은 더욱 활기차게 생동하고 있다 며   더 이상 지구가 인간의 전유물이 아니라는 것을 인식하고 환경을  ,1
209,오산시  오산지역화폐  한국의 가장 사랑받는 브랜드 대상  수상  ,1,곽상욱 오산시장은    로 침체된 지역경제 활성화를 위해 지역 내 소비를 촉진하고 소상공인 및 영세 자영업자에게 활력을 불어 넣는 계기가 됐으면 한다 며   이번 대상 수상을 계기로 앞으로도 더 사랑받는  ,1
210,서울시  포스트     이끌 바이오 언택트 유망기업 글로벌 세일즈,0,서울시는  일 온라인 국제회의   글로벌 서밋  에서  포스트     시대를 이끌 서울의 유망   포스트     시대 새로운 산업 모델이 될 우리 기업의 잠재력을 확인할 수 있을 것으로 기대했다  ,1
211,오산사회적경제협의회      취약계층 물품 지원나서,1,오산사회적경제협의회가     취약계층에게 물품 지원 협약을 체결하고 기념촬영을 하고 있다   오산사회적경제협의회 회장 이규희 가    로 어려움을 겪고 있는 지역 취약계층 지원을 위해 오산시  개동  ,1
212, 군위 자두빵   순천만 갈대 업싸이클   로컬 크리에이터  됐다,1,신종     바이러스 감염증   로 지역 간 이동마저 자유롭지 않아 경제적으로 더욱 어려운 요즘 그동안 지역의 특성을 살려 곳곳에 숨어 있는 아름다운 자연과 문화를 상품화해 주목을 받았던 지역 창업자들이  ,1
213,심상정  슈퍼여당 독주는 독배 협력정치 해야 해 ,1,통합당을 향해서는     재난의 엄중한 시기에 나치와 독재를 운운하며 또 보이콧 카드를 만지작거리는 것은 국민의 바람과 거꾸로 가는 것 이라고 지적했다  아울러  보이콧이  대에도 반복된다면 통합당은 국민에게  ,1
214,이천시  순번대기 로비 확장으로 시민호응 커,0,특히  더워지는 날씨와    의 확산에 따른 생활 속 거리두기의 일환으로 민원인의 접촉을 최소화하고   여가지의 다양한 화초와 녹색식물이 가득하여 종합민원실을 찾는 시민들의 심미적인 안정감까지 주고 있다  ,1
215, 일관성 있는 보안 정책의 핵심 키는 자동화 ,0,매튜 글리처   아태지역 보안사업부 총괄 부사장 매튜 부사장은     사태를 겪으면서 기업  교육  조사에 따르면 지난 몇 달간 해커들의 공격이    를 계기로 바뀐 생활상을 고려한 전술을 구사하는 모습이  ,1
216,이천라이온스클럽  사랑의 국수 마스크 전달,1,      확산 방지를 위해 경제적으로 어려움을 겪고 있는 취약계층에게 도움이 되길 바란다 고 말했다  이춘석 창전동장은      로 기부 활동이 위축되고 있는 상황에 관내 어르신과 취약계층이 건강하게 지낼  ,1
217,일본 전범기업 자산 현금화 본격화 한일관계 우려 커져,0,특히 요즘에는 한일 양국이 모두 신종    바이러스 감염증    확산에 대응하느라 강제징용 해법 찾기를 사실상 중단한 분위기다  더구나 최근 일본이 수출규제 조치를 취소하지 않으면서 갈등이 고조되는  ,1
218, 일관성 있는 보안 정책의 핵심 키는 자동화 ,0,매튜 글리처   아태지역 보안사업부 총괄 부사장 매튜 부사장은     사태를 겪으면서 기업  교육  조사에 따르면 지난 몇 달간 해커들의 공격이    를 계기로 바뀐 생활상을 고려한 전술을 구사하는 모습이  ,1
219,창업진흥원   스타트업 이슈 트렌드 매주 카드뉴스로 제공,0,스타트업 주간 이슈 리포트는     등 급변하는 스타트업 생태계를 주기적으로 모니터링해 적시성  트렌드 와  포스트     시대 국내외 스타트업 정책  등 다양한 주제를 기획해 선보일 예정이다  이순배  ,1
220,재고 면세품 팔아도 깜깜 면세점업계 유급휴직 확산,1,면세점업계가     여파에 유급휴직을 확대하고 있다      장기화로 매출이 회복될 기미를 보이지 않는 만큼 인건비 절감에 나선 것으로 분석된다   일 업계에 따르면 신라면세점은 이달 중순부터 서울 본점  ,1
221, 내포 충남도  마스크 하루  만장 생산 공장 유치,0,양 지사는     인해 지금도 마스크 수급이 원활하지는 않지만  톱텍에서 본격적으로 마스크 생산이 시작되면 도내 안정적인 마스크 수급에도 많은 도움이 되고  공적마스크 외에 충남도 자체 비축물량  만장  ,1
222,오산시  오산지역화폐  한국의 가장 사랑받는 브랜드 대상  수상  ,1,곽상욱 오산시장은    로 침체된 지역경제 활성화를 위해 지역 내 소비를 촉진하고 소상공인 및 영세 자영업자에게 활력을 불어 넣는 계기가 됐으면 한다 며   이번 대상 수상을 계기로 앞으로도 더 사랑받는  ,1
223, 더벨 카카오뱅크의  아무도 가보지 않은 길 ,0,언택트 비즈니스로 분류되는 만큼 포스트     시대에 성장 잠재력이 무궁무진하기도 하다  지점 하나 없이 모바일 플랫폼만으로 금융서비스가 원활히 제공될 수 있음을 입증했다  카카오뱅크가 만들어 놓을  의  ,1
224, 더벨 우리종금      반사이익  쏠쏠 ,1,우리종합금융이     사태 반사이익을 누리고 있다  은행권에서 신규대출을 보수적으로 관리하면서  앞서  월    가 확산할 무렵 우리종금은  억원 가량의 유동성을 확보했다  다음 달부터 본격적으로 이  ,1
225,충남도  하루  만장 생산 규모 마스크 공장 유치,0,양승조 충남지사는  신종    바이러스 감염증   으로 인해 지금도 마스크 수급이 원활하지는 않지만 톱텍에서 본격적으로 마스크 생산이 시작되면 도내 안정적인 마스크 수급에도 많은 도움이 되고  ,1
226,안성시      추경  억 원 예산 긴급 편성,0,안성시청 전경  안성시는    로 피해를 입은 소상공인들의 경영 안정을 위해 긴급 생활안정자금을 지급위해     추경을 통해  억 원의 예산을 긴급 편성했다  시에 따르면  년  월 대비  년  월  ,1
227,지멘스 헬시니어스      항체 검사   긴급사용승인 획득,1,지멘스 헬시니어스가 신종    바이러스 감염증   을 진단하는 항체검사의 긴급사용승인 을 미국에서 획득했다  지멘스 헬시니어스는 독일 엘랑겐에 본사를 둔 의료기업이다   일 지멘스  ,1
228,인천 미추홀구   작은극장돌체  학산소극장 공연 인터넷으로 공개,0,    여파로 무관중으로 진행된 올해 첫 공연은 작은극장돌체의  최용민의 재즈스토리 와 학산소극장의  김정식 미추홀구청장은     상황이 빨리 끝나 문화예술 공연을 직접 관람할 수 있는 날이 곧 오길  ,1
229,개척교회 관련 확진  명 수도권 중심 산발적 감염확산 ,0,인천 개척교회에서 열린 모임과 관련해 파악된     확진자는 현재까지  명입니다  특히 수도권을  최근 개척교회에서 열렸던 집단부흥회와 관련한     확진자가 모두  명으로 늘었습니다  어제 방역 당국이  ,1
230,보청기  구입보다 사후관리가 더 중요,0,스타키라이프에서는 신제품 보청기  착용시 전혀 보이지 않는 초소형 고막형 보청기  인공지능 보청기를 일 무료체험 할 수 있는 기회를 제공하고 있으며    로 어려운 시기 함께 극복하고자 한쪽 구입 시   양쪽  ,1
231,교육부  온라인 공개강좌   개 선도대학 개 신규강좌 선정,0,   의 확산을 막기 위해 원격수업이 활성화하면서 올해  월 수강신청 건수는  만  건  회원  특히 올해는     상황을 반영해 서울대와 고려대 등에서 신종 바이러스 이해  건강보건 증진  전염병 대응  ,1
232,화성도시공사  실내 외 공공시설 개방운영 중단,0,공공시설을    의 수도권 집단 발생에 따라 오는  월  일까지 운영을 일시 중단하기로 했다  금번  이용중단 기간은 향후     상황에 따라 연장될 수 있으며  재개장 일정은 관련 부처 지침 및 지자체 지역 감염  ,1
233,안산시  선제적 방역활동으로 지역사회 확산방지 총력,1, 안산시가 수도권을 중심으로    집단 감염이 산발적으로 발생하고 있는 가운데 모든 행정력을  내     방역부스 를 별도 설치해 방역 및 생활 수칙에 대한 홍보 현수막을 게시하고 마스크 등 방역물품을  ,1
234, 삐빅  이마에 대니  도 지금 댄 건  스마트폰 입니다,1,신종    바이러스 감염증    확산으로 체온 측정의 중요성이 대두한 시대상 반영이자  또 하나의 새로운 기술을 탑재했다는 점에서  분야에 관심 있는 누리꾼들의 시선도 쏠린다  다만  이 스마트폰의  ,1
235,복지부서 질본 승격시킨다더니 손발 잘라내 거꾸로 가는 질병관리청  국민청 ,0, 세종 뉴스핌  윤창빈 기자   정은경 질병관리본부장이  일 오후 세종시 정부세종청사에서 신종    바이러스 국내 발생현황 브리핑을 하고 있다      이어  복지부는 복수차관 도입과 함께 보건의료  ,1
236,사회연대은행 모간      소상공인 온라인 판로개척에 협력,1,사회연대은행은  모간과 함께     사태로 어려움을 겪고 있는 소상공인들을 지원하기 위해 온라인     로 인한 소비 위축 및 비대면 소비 등으로 소비시장의 판도가 변화되면서 특히 영세소상공인들이 힘든  ,1
237,포스코갤러리  제  회 포항미술협회 정기전 개최,0,이번 정기전을 통해     사태로 지쳐있는 마음을 위로할 편안하고 감성적인 작품들을 감상할 수 있다  또한 회화  서예  조소 등 전 장르에 걸쳐 개성 넘치는 작품들도 다수 있어 지역 미술문화의 현 주소를 가늠하는  ,1
238,대형 저축은행  분기 호실적 양극화 심화 우려,0,올해  분기 대형 저축은행들의 실적에는    로 인해 저축은행 대출이 늘며 증가한 이자수익이      여파로 비대면 문화가 확산되는 상황에서 대형 저축은행들은 비대면 마케팅에 적극 나서고 있어 향후  ,1
239,국내 최대 규모  웨비나      주간 열려,0,매년 대형  컨퍼런스를 개최해온 마이다스인은     감염 방지와 올바른   문화 확산을 위해 올해는  포스트     시대 채용 브랜드 전략  언택트 채용 후기 등을 공유한다  마이다스인은  영화평론가가  ,1
240, 함안 시   노 사 민 정 공동협약식    공동 극복,0,   로 인한 고용위기 극복과 지역경제 활성화를 위한 이날 협약식에는 조근제 함안군수  조용갑  이날 참석자들은 노 사 민 정 이     극복을 위한 공감대 형성과 역할 분담 협약을 체결했다  ,1
241,익산시  도내 최초 어린이집 긴급 운영비 지급 숨통 틔웠다 ,1, 일 익산시에 따르면     발생 이후 아동 감소 등으로 운영에 어려움을 겪고 있는 지역 어린이집     로 인한 어린이집 휴 폐원을 방지해 보육 교직원 고용안정과 안정적인 보육 서비스를 제공할 것으로  ,1
242,롯데 신동빈 회장   포스트     대비해   전환 가속화해야 ,1,신동빈 회장은  안성 스마트 팩토리는 포스트    에 빠르고 적절하게 대응하는 그룹의 대표적인 사례가 될 것 이라며  스마트 팩토리에서는 원자재부터 제품 생산까지 제조 이력 추적이 가능한 만큼 식품 안전 대응  ,1
243, 캐피탈  한국 과  월 쉐보레 콤보 할부 프로그램 시행,1, 선수금  만원 기준  아울러  쉐보레는  월에 이어  월에도    로 인한 어려움 속에서도 수고하고 있는 이들을 격려하기 위해  우리들의 히어로 여러분을 쉐보레가 응원합니다          ,1
244,  국가대표 배출의 산실      코리아투어가 돌아온다,0,당초  올해  월 개최 예정이었던 코리아투어는  월로 한 차례 일정을 연기했고  최근     확진자가 늘어나며  월 개최 일정 역시 연기했다  중  고등학생들이 참여하는 오픈대회를 병행해야 하는 코리아투어  ,1
245,안산시      집단감염 예방 선제적 방역활동 펼쳐,1,박재천 기자   경기 안산시가 수도권을 중심으로     집단 감염이 산발적으로 발생하고  내     방역부스 를 별도 설치  방역 및 생활 수칙에 대한 홍보 현수막을 게시하고 마스크 등  ,1
246,옥천군  경제 살리는  향수  카드  출시,1,군은 당초 하반기에 출시하려고 했으나 군 재난지원금을 향수 카드로 지급하는 방침에 맞춰     김재종 옥천군수는  지역자금의 역외 유출을 방지하고 관내 소비촉진을 통해    로 인해 침체된  ,1
247,  김해에  억원 들여 제 데이터센터   건립한다,0, 은 자체 보유한 통합 클라우드 서비스  의 사업 확대와 더불어  포스트     시대로 본격화된 디지털 전환으로 클라우드 수요 급증이 예상됨에 따라  의 데이터 수용 능력을 넘어선 새로운  데이터  ,1
248,비대면 단절 고립이 투자 화두 디지털 간편식  집콕  눈길,0,   로 인한 장기 고립 경제 시대가 왔다  디지털  간편식 등 집콕 관련 주식과 함께 비대면 콘텐츠 산업  로봇  물류 산업주가 떠오르고 있다      완전 종식 전에는 비대면 단절 고립이 화두가 될 전망이다  전  ,1
249,캐나다유학후이민  자녀무상교육 한 자리에서 알아볼 수 있는  월 세미나 개최,1,세미나 참가비는 무료이며  최근 다시 번진     사태를 대비하여 이번 세미나는 소수정원으로 진행되며  참석자 전원 마스크 착용 및 체온검사가 이루어질 예정이다  세미나 참석 및 자세한 사항은 우리에듀케이션  ,1
250,김광호 광주본부세관장  호국 보훈의 달 맞아 현충탑 참배,0,후세들이 오늘의 평화로운 삶을 살고 있다 며  현재     로 어려운 경제 여건에 있지만 수출입 통관 등 관세행정을 집중 지원하여 위기를 극복하는데 함께 전력을 다 하겠다 고 말했다  허광욱 글로벌이코노믹 기자,1
251,신동빈 롯데 회장  롯데칠성음료 안성 공장 방문 디지털 전환 가속화해야 ,1,신동빈 롯데 회장이 포스트     시대를 대비해 디지털 전환을 가속화할 것을 다짐했다  롯데 신동빈  신동빈 회장은    의 영향으로 디지털 전환은 더욱 가속화되고 그 범위도 확대될 것으로 예상된다 며  ,1
252,   천억 투입해 경남 김해에 제 데이터센터 건립,0, 은 자체 보유한 통합 클라우드 서비스  의 사업 확대와 더불어 포스트     시대로 본격화된 디지털 전환으로 클라우드 수요 급증이 예상됨에 따라  의 데이터 수용 능력을 넘어선 새로운  데이터  ,1
253,신동빈 회장  롯데칠성음료 안성  스마트 팩토리  현장 정검,1,신동빈 회장은    의 영향으로 디지털 전환은 더욱 가속화되고 그 범위도 확대될 것으로 예상된다 며   안성 스마트 팩토리는 올해 주요 시스템 구축이 완료된 만큼 포스트    에 빠르고 적절하게 대응하는  ,1
254, 원 클릭 시사  인센티브의 역설,1,대표적인 기업이 요즘     펜데믹 사태로 가장 핫한 기업이 된 넷플릭스다  이 회사는 일체 보너스 없이 최고의 연봉을 보장하며 직원들을 대우함으로써 꾸준히 양질의 직원들을 확보하고 있다고 한다 ,1
255,전기자전거     로 턴어라운드 할까,0,이제 대다수 사람들은     시대의 새로운 단계에 접어들고 있다  바로 적응하는 것이다  우리는  많은 사람들에게 인기를 얻다 보니 요즘 전기자전거 사기가     초기에 손 세정제 한 병 사기만큼 어려워진  ,1
256,온라인 쇼핑 급증에 택배 봉투 골치  친환경 바람 불까 ,0,국내 온라인 쇼핑 시장에    라는 이슈가 더해지자 업계가 호황을 누리고 있다  통계청이  일 발표한  전문가들은    와는 별개로 불필요한 접촉 없이 필요한 상품과 서비스를 이용할 수 있는 언택트 비대면  ,1
257,데뷔전 승리한  맞짱의 신 준우승  신윤서  좋은 환경 경기 영광 플라잉 ,1,    때문에 시합 못 할까 봐 걱정을 많이 했었는데 좋은 환경에서 시합하게 될 줄 몰랐다     김대환 대표님 정문홍 전 대표님께 감사드린다 이번 경기는 사실 마음에 드는 경기가 아니었기 때문에 마음에 들  ,1
258,스포츠토토 공식 페이스북   슬기로운 집관생활  이벤트 실시,0,아울러 신종    바이러스 감염증   의 확산으로 인해 팬들과 함께 랜선 응원을 펼치고 있는  리그와  리그 각 구단에 대한 이야기 및 불법 스포츠도박 근절 내용도 동영상에서 함께 확인할 수 있다  이벤트에  ,1
259,대구 상원중학교  학년생     확진 등교는 안해 ,0,대구지역     확진 환자가  명 추가됐다   일 대구시와 중앙방역대책본부 등에 따르면 이날 오전 달서구 상원중학교에 재학 중인  학년 학생  명이 추가로 확진 판정을 받았다  이 학생은 등교 전날인 지난  일부터  ,1
260,애플의 비대면 라이프 혼자서도 잘 한다   세상,1,    정국에 있어서 당연한 조치였지만  아주 생경한 시간이었다  다소 흥분되는 순간이기도 했다  세상은 다시 한번 급변하고 있는 것이다  애플에서 실시하는 제품 브리핑은 대략 두세 가지 형식으로 진행되어  ,1
261,소원영어  특허 기술력으로 벤처기업인증,0,신종    바이러스감염증    장기화로 언택트  비대면 교육 디지털화에 대한 관심이 뜨겁다  이에 발맞춰 온라인 교육의 새로운 패러다임인 교육과 기술이 결합한 에듀테크 시장이 주목 받고 있다  ,1
262,한성대   년동안  나라사랑 감사행사  진행,1,이번 행사는    의 확산 방지를 위하여 행사의 규모를 전년도에 비해 간소화 하였고  생활방역지침을  자리 라며    로 모두가 힘들고 어려운 시기이지만 지금보다 더 어렵고 힘든 시기도 순국선열들의  ,1
263, 병동 안에서 폴킴 응원 ,0, 일 오후 서울 중랑구 서울의료원에서 열린  서울의료원 잠시멈춤 콘서트 에서 신종    바이러스 감염증    환자 진료를 위해 수고해 온 의료진들이 가수 폴 킴의 공연을 보고 있다   뉴스 ,1
264,전남도   국립난대수목원  리조트 호텔  천억 투자협약,1,김영록 전라남도지사는  국립난대수목원 유치와 함께 블루투어 관광산업의 초석이 될 이번 호텔 리조트 투자기업과 협약은    로 위축된 지역 관광산업에 활력을 불어넣을 것이다 며  전남에 투자한 것을 참  ,1
265, 포스트     시대  언택트 넘어  딥택트  지향해야 ,1,이번 경영콘서트에서 김경준 딜로이트 컨설팅 부회장은     이후 언택트 시대  우리의 미래는 이라는 주제로 영상 강연을 한다  김 부회장은    는 서적 전화 등으로 정보를 교환하는 아날로그 세계에서  ,1
266,창문 너머로 폴킴 공연보는 의료진들,0, 일 오후 서울 중랑구 서울의료원에서 열린  서울의료원 잠시멈춤 콘서트 에서 신종    바이러스 감염증    환자 진료를 위해 수고해 온 의료진들이 가수 폴 킴의 공연을 보고 있다   뉴스 ,1
267,한국핀테크지원센터    핀테크 리더스 아카데미 진행,0,다만  월에는     확산 방지 차원에서 비대면 실시간 온라인 강의로 전환해 진행된다  핀테크 리더스 아카데미는 금융위원회의  핀테크 지원사업  중 하나로  직장인 등 일반인이 수강 대상이다  교육은 매주  ,1
268,부산구치소      극복 수용생활 안정 프로그램 시행,0,부산구치소는  월부터     사태로 지친 수용자들의 심적 안정을 위해 다양한 교화 프로그램을  사랑의  효  편지쓰기는 사회와 단절되고    로 인해 접견이 제한된 수용자들이 부모님께 드리는 사랑의 안부를  ,1
269,성윤모 장관   기업인 이동 신속통로  아세안 국가로 확대해야 ,0,이번     경제 위기 극복을 위한 국가 간 협력 방안으로  시장 개방 유지 확대 및 상품 서비스의 이동 원활화  기업인의 이동 보장     이후를 대비한 협력 확대 등을 제시했다  특히     이후 협력  ,1
270,포항시  지역경제위기 극복 위한 유관기관 단체와  상생동행  협약,1,포항시청사 전경 사진 강동진 기자  경북 포항시는    가 장기화되면서 자동차  조선  건설 등  포항시는 이번 협약을 통해 유관기관  노 사와 힘을 모아    로 어려워진 지역경제 위기를 극복하기 위해  ,1
271,  코스모신소재   차전지 수혜주  올해 흑자 전환 기대에 강세,1,김 연구원은   소재의 매출 본격화가 전사 실적 성장을 이끌 것 이라며  중국 정부 역시    로 인해 침체된 경기를 회복시키기 위해 전기차 보조금 기간을 연장하는 방안을 발표하는 등 대외 환경도  ,1
272,민주당 전남도당  무안군 청계면에서 양파수확 일손돕기 봉사활동,0,도당 관계자는    로 인해 수확철을 맞아 많은 인력을 필요로 하는 마늘 양파 재배농가들이 일손을 구하지 못해 제 때 수확을 못하고 있다 며  농어촌 인력수급 대책 마련과 함께 지속적으로 농촌 일손돕기  ,1
273,해남군  해남읍 도시재생 활성화계획 공청회 개최,0,해남군은 공청회에서 제시된 지역주민과 전문가의 다양한 의견을 수렴하고  군 의회 의견청취를 거쳐  월경 도시재생 뉴딜사업에 최종 공모할 예정이다 이날 공청회는     감염 예방을 위해 마스크 착용  생활 속  ,1
274,하남시   개교에  학교방역 안전지킴이   명 배치,1,따른     확산 방지를 위해 지난  일 시청 대회의실에서 광주하남교육지원청과 함께  학교방역 안전지킴이   명의 사전 교육을 실시하고 유치원 및 학교에 배치했다고  일 밝혔다  시는    에 대응해 학교  ,1
275,오시스코리아   한국 소비자 만족지수  위  수상한  비접촉 체온계  기간한정 ,1,    사태의 확산과 함께 체온계는 방역의 최전선에서 널리 활용되고 있다  아이들의 개학이 연기되는 상황 속에서 각 교육기관은 등교를 대비해 다양한 대책을 세우고 있다  우리나라뿐만 아니라 해외에서도     ,1
276, 앵커리포트   도 기준 바뀐 뒤 내려진 올해 첫 폭염 특보,0, 일에서 올해  일 일로 예상되고 있습니다  또 다른 복병은       방역입니다  어제 물놀이 수칙도 나왔지만  피서철 감염 확산 우려가 크고 무엇보다 무더위에 마스크 착용이 제대로 이뤄질지 걱정입니다 ,1
277,곡성군   일까지 사업체 조사 실시,0,현장 조사 시에는 조사원들은 조사요원증을 패용하고  마스크 착용 등     확산 방지를 위해 방역수칙을 철저히 준수해야 한다  곡성군에서는  명의 조사요원이 활동한다  조사원들은 지난  월과  월 두 차례에 걸쳐  ,1
278,서울교육청  확진자 발생시  일 내  자율 등교 중단 허용,0,서울시교육청이 신종    바이러스 감염증    확진자가 발생한 유치원 및 학교는 보건소 협의 후 자체적으로 등교를  일 이내에서 중단하고 사후에 보고하도록 했다  그간 등교수업 일정 조정은 학교가  ,1
279, 뉴삼성 앞길 바쁜데 삼성  총수 부재  시계제로  다시 맞나  초긴장 ,1,재계 관계자는  이 부회장이 재판을 앞둔 상황에서도     위기 극복을 위해 내부적으론 현장경영에  신종    바이러스감염증    사태 이후 중국을 방문한 글로벌 기업인은 이 부회장이 처음이었다  ,1
280,설현  모바일 게임 모델 발탁  다채로운 매력 ,1,한편 설현은 최근     바이러스를 다룬    시리즈   세계적 유행 에서 다큐멘터리 내레이션에 처음 도전해 호평을 받았으며   의 새 드라마  낮과 밤  출연을 검토중이다 ,1
281,서울시농수산식품공사      극복 위한 나눔 진행,0,서울시농수산식품공사 사장 김경호 는  일 신종    바이러스 감염증    극복을 위해 송파구 취약계층 및 복지시설  개소에 친환경 유기농 쌀  포대  단위 를 지원했다  이어   일에는  사  농 어촌 상생  ,1
282,대구  확진자  명 추가 상원중학교  학년 학생,0,대구지역 신종    바이러스 감염증    확진 환자가  명 추가됐습니다   일 대구시와 중앙방역대책본부 등에 따르면 이날 오전 달서구 상원중에 재학 중인  학년 학생  명이 추가로 확진 판정을 받았습니다  이  ,1
283,의왕시  요양보호사 양성과정 교육생 모집,0,홍석일 일자리과장은  이번 교육이    와 생애전환기로 취업에 어려움을 겪고 있는 중장년세대가 요양보호사로 새롭게 출발할 수 있는 디딤돌 역할을 해 줄 수 있을 것으로 기대한다 며   시에서는 교육생들이  ,1
284,한성대   년간 호국보훈의 달 맞아 나라사랑 감사 행사 진행,1,이번 행사는    의 확산 방지를 위해 행사의 규모를 전년도에 비해 간소화 했고 생활방역지침을 철저히  자리 라며    로 모두가 힘들고 어려운 시기이지만 지금보다 더 어렵고 힘든 시기도 순국선열들의  ,1
285,   그룹과 함께     의료진  명에 핫크리스피치킨 전달,1,글로벌 치킨 전문 브랜드  가 모기업  그룹과 함께    로 인해 전국 각지에서 고군분투 중인 의료진들을 위해   시그니처 메뉴인 핫크리스피치킨 등 간식을 지원했다   는 계속되는    의 확산으로  ,1
286,내우외환 철강업계      우려  철의 날  기념식 취소,0, 스카이데일리 국내 철강업계에서 가장 큰 행사인  철의 날  기념식이 신종    바이러스 감염증    재확산 우려로 부득이하게 취소됐다  철의 날 기념행사가 취소된 것은  년 만에 처음이다   일  ,1
287,경기도  시 군 부단체장 영상회의 개최 지역경제 위기 공동대응 논의,0,경기도와  개 시 군이     장기화로 일자리 감소  소비위축 및 기업경기 둔화 등 지역경제 위기가  이날 회의에서는 지난달  일 중앙 지방정책협의회 결과를 공유하고    시대 이후의 지역경제 활성화 방안과  ,1
288,영국 존슨 총리  인종  차별용인 여지없다 ,0,신종     바이러스  대책을 둘러싼 정부의 정례 기자 회견에서 이 같이 말했다  영국에서도 차별에 반대하는 항의 시위가 곳곳에서 벌어지고 있다    방송에 따르면   일에도 런던 중심부에 수천 명이 모여  ,1
289,신동빈  포스트     강조  이번 위기만 잘 넘기자는 안이한 생각 안돼 ,0, 뉴시스  신동빈 롯데그룹 회장이 연일  포스트     대응을 강조하고 있다  지난  일 신 회장은 경기 안성  이 자리에서 신 회장은  스마트 팩토리는 올해 주요 시스템 구축이 완료된 만큼 포스트    에 빠르고  ,1
290,대구서 확진자  명 추가 상원중  학년 학생,1,대구시에서     확진 환자가  명 늘어났다   일 대구시와 중앙방역대책본부 등은 이날 오전 달서구 상원중학교에 재학 중인  학년 학생  명이     확진 판정을 받았다고 밝혔다  이 학생은 등교 전날인 지난  ,1
291, 월 경상수지  개월만에 최대 적자,1,최근     때문에 해외여행을 떠나는 내국인들이 줄면서 서비스수지가 최근 개선되는 흐름을 보여왔었지만   월엔 주요  기업의 상표권 및 특허권 사용료 수취분이 줄면서 지식재산권사용료수지가 적자  ,1
292,의왕시 보건소  집단감염 발생대비 대응훈련 교육실시,1,이날 교육은 최근    의 수도권 지역확산과 학생들의 개학으로 대량 환자발생 대응을 위한 단계별 사전 예방교육의 일환으로    로부터의 철저한 방역과 검사환자 대응방법 및 방역수칙 사항  검사방법  실제  ,1
293,한국     의료폐기물 처리 대응방안  세계에 알린다,1,실무자들이    와 관련한 한국의 의료폐기물 관리와 대응에 관한 경험과 지식을 공유한다  이번 세미나는 유엔개발계획측의 요청으로 마련되었으며   더 나은 환경 재건      대응 한국 및 기타국가의  ,1
294,쌍치면 백은장학회 대학신입생에게 장학금 전달,0,특히 올해       팬데믹 위기 극복을 위해 신청자 전원에게 소정의 장학금을 전달했다 설동일 이사장은 이번 장학금을 전달하면서       감염병 확산으로 국가적 재난상황을 함께 이겨 내고자 기탁자의  ,1
295,호국보훈의 달   년째 감사의 마음 전한 한성대,1, 년 처음 시작해 올해  년째 호국 보훈행사를 꾸준히 개최하고 있는 한성대학교는    로 국가행사조차 취소하거나 축소하는 가운데 예년보다는 간소하지만 대학에서는 유일하게 매년 행사를 열어 나라사랑의  ,1
296,외벽청소 전문업체  한스클린 이 전하는 사업장클리닝의 중요성,0,     의 예방 수칙에 대한 전방위적인 위생관리가 요구되는 요즘에는 불특정 다수의 동선이 겹치는 사무실과 상업 시설의 내부 환경을 개선하기 위한 사업장클리닝에 관한 관심이 높다  특히  꽃가루나 미세먼지  ,1
297,신한카드  딥원스카드  활용한 새 광고 론칭,0,올  월에 출시된 딥원스카드는 구독 경제에 특화한 상품으로     등의 영향으로 사회적 거리 두기를 일상화한 언택트 시대에 더욱 주목 받고 있다  이번 광고에서 신한카드는 매달 비용을 내고 필요한 물건과  ,1
298,  현대 대우조선 기업결합 심사 재개,1,유럽연합 이     확산 탓에 중단했던 현대중공업과 대우조선해양의 기업결합 심사를  하지만     확산으로 기업결함심사 관련 자료 수집 등에 어려움을 겪던 끝에 지난  월  일 심사를 일시  ,1
299,대한야구소프트볼협회  김진용 전문의     자문위원 위촉,0,대한야구소프트볼협회가 시즌 개막을 앞두고  일 차의과학대학교 통합의학대학원 김진용 원장 내과 전문의 을 신종    바이러스 감염증    대응 자문위원으로 위촉했다   ,1
300,    면역력에 원목재배한  장흥표고버섯  탁월,0,신종     감염증   의 영향으로 면역력에 대한 관심이 높아지면서 면역력 증진에 큰 도움을 주는 전남 장흥 표고버섯이 주목받고 있다   일 장흥군에 따르면 표고버섯은 본초강목  동의보감 등에서  기를  ,1
301,  경남 김해에 두 번째 데이터센터 건립 지금보다  배 ,1, 은 자체 보유한 통합 클라우드 서비스 토스트 사업 확대와 더불어  포스트     시대로 본격화된 디지털 전환으로 클라우드 수요 급증이 예상됨에 따라  데이터 수용 능력을 넘어선 새로운  데이터 허브  ,1
302,마이다스에셋   리더스테크성장주 목표전환형펀드  목표 성과 달성,0,펀드 운용을 맡은 오남훈 주식운용 본부장은  펀드 설정 직후에    본격적인 확대 미중 무역분쟁 재점화 등으로 주식시장의 급등락이 있었지만  테크 업종 내에서도    와 미중 무역분쟁으로 일부 수혜를  ,1
303,온라인 영어교육 업체 소원영어  벤처기업인증 획득,0,최근 신종     바이러스 감염증    장기화로 언택트  비대면 교육에 대한 관심이 뜨거운 가운데 교육과 기술이 결합한 에듀테크 시장이 급부상하고 있다  에듀테크 시장은  년 뒤 전세계 시장규모가  조원을  ,1
304,전북도 번가  전북 농특산물 판로 활성화 상호협력,0,이번 업무협약은 신종    바이러스 감염증    영향으로 온라인 쇼핑 농축산물 거래액이 전년 동월대비 월 기준   가 증가하는 등 언택트 비대면 구매 서비스  소비문화에 대응하고 지역 농특산물의  ,1
305,강동구   차 산업혁명 기술로 주민건강 솔루션 마련,0,차단해     메르스 등의 각종 감염병에 선제적으로 대응할 수 있다   인공지능   에어샤워 시스템 은  이정훈 강동구청장은     사태를 통해서도 알 수 있듯이 첨단기술은 공공 산업 생활 전반에 빠른  ,1
306,  경남 진해에 두번째 데이터센터 짓는다,1, 은 자체 보유한 통합 클라우드 서비스  의 사업 확대와 더불어  포스트     시대로 본격화된 디지털 전환으로 클라우드 수요 급증이 예상됨에 따라  의 데이터 수용 능력을 넘어선 새로운  ,1
307,  시험인증기관 최초 모바일서비스 시대를 열다,1,   로 인한 비대면 요구사항에 맞춰  모바일 접수   상담 및 예약 등도 가능해 사회적 거리두기 실천은 물론 방문을 꺼리는 시험인증 수요도 충족한다는 게  의 설명이다   는 이번 서비스 앱에 사용된  ,1
308, 번가 전라북도 전북경진원 농특산물 판매 활성화  ,0,참석해     극복과 농특산물 판로 활성화 위한 전라북도 번가 업무협약 을 맺었다  이번   번가 이상호 사장은    의 장기화로 농산물 유통과 전반적인 소비심리가 위축된 상황에서 전라북도의  ,1
309,경북 세일 페스타 높은 호응 얻어 한 달 매출 억 달성,0,경북도는 올해    극복 추경예산편성 시 비대면사업의 일환으로 경북도 우수제품 온라인입점 지원  온라인 쇼핑 입점에 어려움을 겪는 신규업체들을 대상으로 온라인 입점 교육을  월중 가질 예정이며     ,1
310, 덕분에  수화 자세와 국화꽃 한 송이  서울도서관  꿈새김판 새단장,1,특히 이번 꿈새김판에는 국난극복을 위한 순국선열들의 마음을 되새기고  신종    바이러스 감염증    위기 속 우리 사회가 당면한 여러 난제들을 슬기롭게 이겨내자는 의미가 담겨 있다 박진영 시  ,1
311,파이터 신윤서    첫 대회 승리 소감 좋은 환경 시합 영광 ,1,    때문에 시합 못 할까 봐 걱정을 많이 했었는데 좋은 환경에서 시합하게 될 줄 몰랐다     김대환 대표님 정문홍 전 대표님께 감사드린다 이번 경기는 사실 마음에 드는 경기가 아니었기 때문에 마음에 들  ,1
312,단양군   한국의 가장 사랑받는 브랜드 대상   년 연속 선정,1,류한우 군수는  군민의 목소리에 귀 기울이며 관광시장의 다변화와 관광 트랜드에 맞춰 펼친 좋은 정책들이 큰 상으로 이어져 더없이 기쁘고 영예롭다 며    의 슬기로운 극복과 함께 꿈과 희망이 있는 살기  ,1
313,물류목적 크루즈선  스펙트럼오브더시즈호   일 부산항 입항,0,    사태 발생 이후 크루즈선의 부산항 입항은 지난  월  퀀텀오브더시즈호  이후  개월 만이다  부산항만공사는 정부와 협의를 통해 특별 검역과     검사   일간 지정된 시설에서 추가 격리조치를 조건으로  ,1
314,부산시   인 소상공인 고용 산재보험 가입 지원,0,부산시가    로 특히 어려움을 겪고 있는 영세 소상공인들의 고용 산재보험 가입유지 및 확대를 위해 올해부터 신규로  인 소상공인 고용보험료와 산재보험료를 지원한다   인 소상공인은 고용보험과 산재보험  ,1
315,베트남 식품 의류 인테리어 업종      안정세 후 회복 조짐,0,    사회적 격리 완화 이후 유니클로  호점이 호치민시  군에 개장하는 등 베트남에서 식품 의류   사진 유니클로  베트남의 식품 의류 인테리어 업종이  월말부터    사회적 격리 완화 등  ,1
316,김포시  국내 최초 버스 스마트 발열체크기 도입,0,정하영 김포시장은  장기화 되고 있는    로부터 우리 스스로를 지키기 위해서는 생활 속 방역이 일상화 돼야 한다 며  이번 발열체크기 도입으로 시민들께서 더욱 안심하고 대중교통을 이용하실 수 있을 것  ,1
317,홍콩 한인들  미래 어둡지 않아 계속 사업하겠다 ,0,여길 떠나려는 한인은 거의 없습니다  홍콩은 지난해 시위사태에다가 올 초부터 시작된 신종    바이러스 감염증   으로 자영업자 매출이 크게 떨어졌다  여기다가 중국의 국가보안법 제정 추진과 미국의  ,1
318,하남시  학교방역 안전지킴이   명 배치,1,하남시와 광주하남교육지원청은     교실감염을 막기 위해  일 시청 대회의실에서  학교방역  학부모가     감염 걱정을 덜어낼 수 있도록 최선을 다하겠다 고 말했다  하남시는    에 대응해  ,1
319, 번가 전라북도  농특산물 판매 활성화 업무 협약,0,참석해   극복과 농특산물 판로 활성화 위한 전라북도 번가 업무협약 을 맺었다  이번  이상호 번가 사장은   의 장기화로 농산물 유통과 전반적인 소비심리가 위축된 상황에서 전라북도의  ,1
320, 무주반딧불 그란폰도   메디오폰도 대회   일 개최,0,특히     예방을 위해 별도의 개 폐회식은 하지 않고 발열체크와 방역소독을 추진하는데도 만전을  서종열 문화관광과 체육진흥팀장은     상황 속에서 대회를 치르게 돼 긴장의 끈을 늦추지 않고  ,1
321,제너시스비비큐   년 상반기 신입 경력 공개 채용,1,   로 인해 전반적인 고용시장이 침체된 분위기인 가운데 는 지난해 이어 올해도 사회 고용   채용관계자는 는 한국을 대표하는 책임감있는 브랜드로서    로 침체된 채용 분위기 속에서도  ,1
322,스웨덴 보건당국  너무 많이 죽었다 집단면역 전략실패 인정,0,스웨덴 보건당국 책임자인 안데르스 텡넬 공공보건청장이 신종    바이러스감염증   과 관련한 자국의 집단면역전략이 잘못됐음을 인정하는 발언을 해 국제적인 관심을 받고 있다  스웨덴은 앞서 강력한  ,1
323,여수시      직격탄 문화예술단체에  만 원 지원,0,전남 여수시는     장기화로 경제적 어려움을 겪고 있는 지역 문화예술단체에  만 원 상당의 여수사랑상품권을 지원한다고 밝혔습니다  지원대상은 고유번호증 또는 사업자 등록증의 소재지가  ,1
324,    여파에  월 경상수지  마이너스 년 만에  최대 적자 ,1,신종    바이러스 감염증    여파로 수출이 급감한 탓이다  여기에  월이면 통상 기업들이 배당금을 지급하는 부분도 영향을 미쳤다 한국은행이  일 발표한  년  월 국제수지 잠정 에 따르면  월  ,1
325,오산소방서  봄철 화재예방대책 추진 완료,0,또한 봄철화재 특수시책으로    로 소방서에서 운영하던 소방안전교육이 중단됨에 따라 온라인 강의를 통해 소방안전교육을 가정집과 사무실에서 쉽게 배우는 기회를 제공하는  소방관이 알려주는 온라인  ,1
326,오전동 지역사회보장협의체 이불세탁 봉사활동 실시,0,등    로 위생의 중요성이 강조되는 요즘시기에 더 큰 호응을 얻고 있다  박찬덕 위원장은  지역사회보장협의체에서 꾸준히 해오고 있는 이불세탁 서비스사업을 통해 지역의 어르신과 장애인 분들이 집먼지 진드기  ,1
327,스웨덴 보건당국  너무 많이 죽었다 집단면역 전략실패 인정,0,스웨덴 보건당국 책임자인 안데르스 텡넬 공공보건청장이 신종    바이러스감염증   과 관련한 자국의 집단면역전략이 잘못됐음을 인정하는 발언을 해 국제적인 관심을 받고 있다  스웨덴은 앞서 강력한  ,1
328,제너시스비비큐   년 상반기 신입 경력 공개 채용,1,   로 인해 전반적인 고용시장이 침체된 분위기인 가운데 는 지난해 이어 올해도 사회 고용   채용관계자는 는 한국을 대표하는 책임감있는 브랜드로서    로 침체된 채용 분위기 속에서도  ,1
329,거리두고 앉아 공연보는 서울의료원 의료진들,0, 일 오후 서울 중랑구 서울의료원에서 열린  서울의료원 잠시멈춤 콘서트 에서 신종    바이러스 감염증    환자 진료를 위해 수고해 온 의료진들이 가수 폴 킴의 공연을 보고 있다   뉴스 ,1
330,심상정  석 슈퍼여당 독주는 독배 협력정치 해야 ,1,통합당을 향해서는     재난의 엄중한 시기에 나치와 독재를 운운하며 또 보이콧 카드를 만지작거리는 것은 국민의 바람과 거꾸로 가는 것 이라며  보이콧이  대에도 반복된다면 통합당은 국민에게 만성 비염과 같은  ,1
331,코스피  개인 외인 팔자에 상승폭 반납 선,1,일본의 수출규제를 둘러싼 갈등에 대해 전화통화를 했지만 입장 차만 확인했다  이외에도 신종    바이러스 감염증    진단기기 개발 소식에 드림텍 이   이상 오르고 있다  박정수,1
332,서울교육청  확진자 발생시  일 내  자율 등교 중단 허용,0,서울시교육청이 신종    바이러스 감염증    확진자가 발생한 유치원 및 학교는 보건소 협의 후 자체적으로 등교를  일 이내에서 중단하고 사후에 보고하도록 했다  그간 등교수업 일정 조정은 학교가  ,1
333, 취재파일  재택근무 한계   차원 가상공간이 해결할까,0,지난달  일 전체 임직원에게 보낸 이메일에서     이후에도 직원이 희망할 경우  그리고 업무의  특히나     세계적 유행 기간 동안에는 일반에게도  차원 가상공간 협업 프로그램을 무료로 공개하기로  ,1
334,   로 지친 의료진들을 위한 공연,0, 일 오후 서울 중랑구 서울의료원에서 열린  서울의료원 잠시멈춤 콘서트 에서 신종    바이러스 감염증    환자 진료를 위해 수고해 온 의료진들이 가수 폴 킴의 공연을 보고 있다   뉴스 ,1
335,거리두고 앉아 폴킴 공연보는 의료진들,0, 일 오후 서울 중랑구 서울의료원에서 열린  서울의료원 잠시멈춤 콘서트 에서 신종    바이러스 감염증    환자 진료를 위해 수고해 온 의료진들이 가수 폴 킴의 공연을 보고 있다   뉴스 ,1
336,    의료진 환자분들 힘내세요 ,1, 일 오후 서울 중랑구 서울의료원에서 열린  서울의료원 잠시멈춤 콘서트 에서 신종    바이러스 감염증    환자 진료를 위해 수고해 온 의료진들이 가수 폴 킴의 공연을 보고 있다   뉴스 ,1
337,   로 지친 의료진  공연보고 힘내세요 ,1, 일 오후 서울 중랑구 서울의료원에서 열린  서울의료원 잠시멈춤 콘서트 에서 신종    바이러스 감염증    환자 진료를 위해 수고해 온 의료진들이 가수 폴 킴의 공연을 보고 있다   뉴스 ,1
338,한국환경공단      의료폐기물 처리 대응방안 세계에 알린다,1,실무자들이    와 관련한 한국의 의료폐기물 관리와 대응에 관한 경험과 지식을 공유한다  이번 세미나는 유엔개발계획측의 요청으로 마련되었으며   더 나은 환경 재건      대응 한국 및 기타국가의  ,1
339,보성군     대응 의료진에  덕분에 배지  격려,1, 김철우 보성군수는 일 보건소를 방문해    감염증 대응에 헌신하고 있는 의료진에게   덕분에 배지 는 중앙재난안전대책본부에서 감사와 자부심의 의미의 수어 동작을 활용해    대응에  ,1
340,고심 깊어진 현대 기아차  지난달 미국 판매량  또  감소,1,    여파   월부터 판매량 하락세 지속 팰리세이드 셀토스 등 신차효과 선방 오창영기자   스카이데일리 신종    바이러스 감염증    사태가 장기화되는 가운데 지난달 현대  ,1
341,광주 북구  제 회 추경 역대 최대 규모  억원 편성,0,북구는   의 장기화에 따른 생계지원과 위축된 민생경제 활성화를 위해 제 회  특히    로 극심한 어려움을 겪고 있는 중소기업 소상공인 예술관광업계 지원을 위해 중소기업 특례보증  ,1
342,중부발전  소규모 태양광사업자   판매대금  지급,0, 보령 중부발전 본사 한국중부발전 사장 박형구 은     장기화와 신재생 공급인증서  박형구 중부발전 사장은    로 모두가 어려운 시국을 함께 극복할 수 있는 조치를 적극 발굴해 나감으로써  ,1
343, 소프트웨어 교육 받고   구글 본사도 가고 ,0,이 과정을 이수한 학생들은  년  월 월 중  주 동안 미국 구글  애플 등 인공지능 분야 첨단기업을 방문 할 수 있는  실리콘 밸리 연수 프로그램 의 기회가 주어진다  다만     사태 추이에 따라 변동이 있을 수 있다 ,1
344,나주경찰  이륜차 배달박스에 다국어 스티커 부착,1,최근     전염병 확산에 따라 이륜차 배달주문량이 폭증하면서 신속한 배달 서비스를 위해 이륜차량의  이에 따라 나주경찰서는 자체 제작한 교통안전 및     예방  다국어 스티커  배포로 이륜차 교통사고  ,1
345,목동우성 차 리모델링 조합설립 초읽기 롯데 포스코  눈독 ,1,   우한폐렴  사태로 지난  월 거래가 잠시 주춤했으나 지난달  억 만원에 거래되기도 했다  목동우성 차는 서울 지하철 호선 양천구청역을 도보로 이용할 수 있고 올림픽대로와 서부간선도로  경인고속도로를  ,1
346,통영시립도서관  결혼이주여성 한글학교 개강,1,통영시 시설관리사업소장은   로 어려운 상황에서도 한국어 교육에 열정을 보여주는 수강생 분들께 감사하다 시립도서관은 생활 속 거리두기 지침을 준수하고 방역물품을 비치하는 등 개인위생에  ,1
347,가락시장 수산동 노후 전기시설 개선  서울농수산식품   유통인 불편 해소 ,1,강동수산 주  중도매인조합 진갑양 조합장은  요즘    로 인한 영업 부진에도 불구하고 공사의 이러한 조치로 인하여 중도매인들에게 큰 힘이 됐다 며  어려운 여건에도 불구하고 작업시간을 쪼개가며  ,1
348,  상반기 대졸 신입사원 및 경력직 공채,0,   로 인해 전반적인 고용시장이 침체된 분위기인 가운데  는 지난해 이어 올해도 사회 고용 창출을    채용관계자는  는 한국을 대표하는 책임감 있는 브랜드로서    로 침체된 채용 분위기  ,1
349,삼삼물산 주  통영시에 이웃사랑 행복펀드 성금  만원 기탁,1,강석주 통영시장은   로 인해 기업들이 많이 힘드신데도 불구하고 관내 소외계층을 위하여 기부에 동참해 주셔서 감사하다 며 앞으로도 소외된 이웃이 없는 따뜻한 사회를 만들 수 있도록 더  ,1
350,   로 지친 의료진 달래는 폴킴의 공연,1, 일 오후 서울 중랑구 서울의료원에서 열린  서울의료원 잠시멈춤 콘서트 에서 신종    바이러스 감염증    환자 진료를 위해 수고해 온 의료진들이 가수 폴 킴의 공연을 보고 있다   뉴스 ,1
351,  경제 마이너스 성장에도 호주달러 크게 오른 이유는 ,0,작년 하반기부터 올해 초까지 계속된 호주 산불과 신종    바이러스 감염증   의 여파로 호주는 마이너스 성장을 기록했다  올  분기 호주 경제 성장률은  다  이에 따라 호주가  년 동안 유지해온  ,1
352,전북도 번가 주  청정 전북 농특산물 판로 활성화 위한 업무협약 체결,0,이번 업무협약은     영향으로 온라인 쇼핑 농축산물 거래액이 전년 동월대비 월 기준   가  송하진 도지사는  포스트     시대를 맞아 개인 방역과 건강에 대한 관심이 부쩍 높아지면서 안전한  ,1
353,남양주시수어통역센터  농아인의 날 기념해 인식개선 캠페인 활동 펼쳐,1,이번 캠페인은     관계로 소수인원이 참석해 청각장애인에 이해를 돕는 판넬을 진열했다  이에 따라 농아인협회는 지속적으로 청각장애인의 행복한 삶을 위한 자원봉사활동  평생교육프로그램 통한 사회 참여와  ,1
354,한국농어촌공사 전남지역본부   덕분에 챌린지  동참   의료진 여러분 힘내 ,1, 일    바이러스 예방과 대응을 위해 노력하고 있는 의료진에게 감사와 존경의 마음을 전하는  덕분에 챌린지  캠페인에 참여했다   덕분에 챌린지 캠페인은 보건복지부가     예방을 위해 고생하고 있는 의료진을  ,1
355,전기차 뜨자 배터리 수요 급증 화학 날개,0,    사태에도 전기차 판매가 급증하면서  화학의 수혜가 예상된다   화학은 글로벌 배터리 시장  향후     사태 이후 수요는 더욱 늘어날 전망이다  미래에셋대우증권에 따르면 세계 전기차용 배터리  ,1
356,원주 옛 캠프롱  년 만에 개방    개최,1,시는 신종    바이러스 감염증   에 대비해 행사장 출입을 원주시민으로만 제한할 계획이다  또 입장 시 발열 체크와 마스크 착용  출입자 신원 파악  소독 용품 비치  관람객 안전거리 유지 등 방역 대책을  ,1
357,유권자에게 하고픈 말이  젊을 때 열심히 살아야 한다 ,1,  참여사회   이번 좌담은     감염 예방 수칙 준수를 위해 마스크를 벗는 대신 서로 안전한 거리를  본격적인 이야기에 앞서  요즘     상황에 일상은 어떻게 보내고 계신가요  학교 수업도 거의 못 하고 있죠  ,1
358,무주산골영화제 오늘 일  온라인 개막  아쉽지만 위로 응원 메시지 ,1,제 회 무주산골영화제는     여파로 인한 관객과 무주 군민들의 안전을 도모하면서도 영화제를  또순이랑 우주랑 에 대해  주체적으로 자신의 삶을 개척하는 여주인공  또순이 라는 캐릭터가     시대에  ,1
359,박봄 소감  대종상 참석 영광  볼살 질문받자 ,0,또한     여파로 많이 힘든 시기지만 혼신의 힘을 다 하고 있는 의료진분들 덕분에 너무 감사하고 또 감사하다 며  힘든 시기인 만큼 우리 모두 함께 잘 이겨냈으면 좋겠다 는 응원을 보냈다 ,1
360,중기부  스타트업 이슈 담은  카드뉴스  대국민 서비스 본격 시작,0,이번 서비스 공개로     이후 급변하고 있는 국내외 핵심 이슈와 트렌드가 궁금한 스타트업이나 일반  트렌드 와  포스트     시대 국내외 스타트업 정책  등 다양한 주제를 기획해 선보일 계획이다  중기부  ,1
361,보건연구원 분리는 바이오헬스 산업 육성 위한 정책적 판단 ,0, 월  일 세계 보건의 날을 맞아 질병관리본부 중앙방역대책본부 상황실에서    로 인한 사망 환자와 희생자를 추모하는 묵념이 시행되고 있다  특히  복지부는 미국 또한               ,1
362,광주 광산구  노후 주방시설 개선사업 최대  만원 지원,0,오는 일까지 광산구청 식품위생과로 우편 방문 접수하면 된다  광산구 관계자는 이번 사업으로 음식점 위생 상태 개선과 함께     로 어려움을 겪는 소상공인의 부담을 덜어주겠다 고 말했다 ,1
363,대한한돈협회 음성지부  한돈고기  천  기탁,0,윤석환 지부장은    로 어려움을 겪고 있는 군민들에게 조금이나마 도움이 되길 바라는 회원들의 뜻을 모아 기부에 동참하게 됐다 며     로 인해 이웃을 위한 나눔의 손길이 예년에 비해 많이 줄어든 것으로  ,1
364,평택시 안중읍 행정복지센터 힘내세요 사장님 소상공인 응원 캠페인 참여,1,이날 안중읍장과 주민참예예산 지역협의회는  찾아가는 읍면동 주민참여예산학교  교육 참석 후    로 어려움을 겪고 있는 소상공인에게 작은 힘을 보태기 위해 행정복지센터 근처 상가 지역을 찾아 점심 식사를  ,1
365, 안전한 어촌체험휴양마을  만들기에 앞장선다,0,특히 공단과 해수부는     이후 체험객 감소로 어려움을 겪고 있는 마을의 보험료 부담을 경감하고  최명용 공단 이사장은  이번 지원 사업이    로 어려운 시기를 보내고 있는 어촌체험휴양마을 운영진에게  ,1
366,전남도  영무토건 여수예술랜드와 완도에  억 투자협약,1,김영록 전남도지사는  국립난대수목원 유치와 함께 블루투어 관광산업의 초석이 될 이번 호텔 리조트 투자기업과 협약은    로 위축된 지역 관광산업에 활력을 불어넣을 것 이라며  행정지원에 최선을 다  ,1
367,충남농협  국민과 함께하는 농촌봉사활동 실시,1,농가는    의 영향으로 외국인 근로자의 입국이 지연되면서 인력수급에 어려움을 겪고 있으며  농가의  특히 일손돕기 참여자들은 마스크 착용과   건강거리 유지등     예방수칙을 준수하며 농가를  ,1
368, 하이닉스 사회적 가치  반도체 부진에 납세 줄어 ,1,또 신종     바이러스 감염증   와 같은 국가적 전염병 이슈나 자연재해에 대비해 국민들의 안전과 생존을 지원하는 사회적 안전망도 지속 개발해 나간다는 계획이다  김윤욱  하이닉스 지속경영 담당은  ,1
369,박기영 공연취소      재확산 우려에 결국 ,1,대중음악 뮤지션들의 콘서트가    의 재확산 우려에 따라 잇따라 취소되고 있는 가운데 박기영의 공연도 결국 취소됐다  박기영 소속사 문라이트 퍼플플레이는  일 오는  월 예정했던 공연을 결국 취소한다고  ,1
370,가평군 자라섬  포스트     시대 관광 명소로 부상,1, 가평군 제공 포스트     시대에 관광명소로 가평이 부상하고 있다 일 가평군에 따르면 최근 가평군 자라섬이 올해 한국관광공사가 선정하는  야간경관  선 에 뽑혔다 앞서 경기도는     시대에 안전관광을  ,1
371,양평군  청년활동가 양성교육   양평 상상포레스트 교육생 모집,0,    확산으로 집합교육이 어려운 경우에는 어플리케이션을 통한 온라인 휴대전화 또는   교육으로 대체 또는 병행 할 예정이다  모집 대상은 청년 정책 및 활동에 관심 있고  새로운 사람들과 함께 재밌는 일을  ,1
372,송가인 선행도 퀸  명불허전 보이스에 마음씨도 짱,1,송가인은 신종     바이러스 감염증    극복을 위해 희망브리지 전국재해구호협회에 기부금을 전달했다   일 송가인의 소속사 포켓돌스튜디오에 따르면 송가인은 최근 희망브리지 전국재해구호협회에  ,1
373,정부  예멘에  억 달러 규모 인도적 지원 발표,0,조현지 인턴 기자  정부가 장기간의 내전      등으로 고통받는 예멘에 인도적 위기 대응을 위한  지원 계획에는 예멘의     대응 및 식량난 해소  취약 계층 지원 등이 포함됐으며  년부터 매년 예멘에  ,1
374,양평군  수산자원조성을 위한 남 북한강 참게 방류,0,김남성 어촌계장은    로 인해 어려움을 겪고 있는 어업인들을 위해 우수한 참게치어를 관내 남북한강에 방류함으로써 어업인들의 생계유지 및 자본형성에 큰 도움이 될 것 같다  며 감사인사를 전했다  권순식  ,1
375,도  폭염 저감시설  곳 추가 설치 등 폭염 종합대책 추진,0,아울러     장기화에 따른 감염병 방지대책의 일환으로 지역사회 감염확산 시 무더위쉼터 임시휴관을 권고하고  쿨링포그 인공안개분사 시설  바닥분수 등 바이러스가 쉽게 전파될 수 있는 시설은 사용을  ,1
376,천안 계모  게임기 고장  훈육 차원에서   살 아동 끝내 사망,0,초등학교  학년인   군은 신종    바이러스 감염증    영향으로 학교에 가지 못하고 계속 집에서 생활해왔다  사건 당시   군의 친부는 일 때문에 집에 없었다  경찰은   씨의 혐의를  아동학대 중상해 에서  ,1
377,전북 농특산물   번가 우선 입점,0,이번 업무협약은     영향으로 온라인 쇼핑 농축산물의 거래액이 전년 대비 두 배 가까이 증가하는 등  송하진 전라북도지사는  포스트     시대를 맞아 개인 방역과 건강에 대한 관심이 부쩍 높아지면서  ,1
378,동탄농협 고향주부모임  송산면에서 일손돕기,1,경기 화성시 동탄농업협동조합 고향주부모임 고향을 생각하는 주부들의 모임  회원  명은    로 인해 일손부족을 겪고 있는 농가의 일손을 돕기 위해 화성시 송산면 용포리 마을을 방문  포도순 따기 등의  ,1
379, 레전드 타임머신    박쥐 군단 의 영원한 보안관  다비드 알벨다,1,   바이러스로 세계의 축구 시계가 멈춰 섰다   베스트 일레븐 이 축구가 고픈 이들을 위해 새로운 연재물을 준비했다  해외 클럽을 대표하는 최고의 레전드들을 소개하는 기획  이름 하여  레전드 타임머신  ,1
380, 인터뷰 디지털 문맹  지금 해결못하면 격차 커져 ,0,    확산으로 우리 주변 일상의 모습이 크게 변하고 있다  대표적으로 매일 수차례 반복하는  포스트     시대를 맞아 선제적으로 대비할 필요성이 높아지고 있다 고 지적했다  현재 시민들은  체험형 디지털  ,1
381,포스트     비대면 클라우드 협업 플랫폼   정식 오픈,1,포스트     시대에 걸맞은 이러한 언택트  비대면  방식의 구현은 타인과의 접촉을 피하면서도 도면과 문서관리를 혁신적으로 처리할 수 있는 플랫폼으로 주목할 만하다  이와 함께 관계자는  의  ,1
382,군포시청 관악구 리치웨이 시흥대로  관련 확진자 동선 군포로 번길,0,보건소     검사 월  일 양성 판정   경기도의료원 파주병원 이송  군포시보건소  구급차량  한편  서울 관악구 다단계 판매업체 리치웨이에서 직원과 판매원 등  명이     확진 판정을 받았다  리치웨이  ,1
383,울릉군 신청사 입지선정위 개최 군민 중심 신청사 건립 첫 걸음,0,   로 인한 집합행사와 모임 자제 등 사회적 거리두기를 강력하게 추진하고 있는 어려운 상황 속에서  사안이다 며     등으로 다소 지연됐지만 입지선정위와 긴밀한 협조체계로 군민 중심의 새로운 청사  ,1
384, 경기 공정복지 추진단  본격 활동 부정수급 등 복지 부정행위 집중점검,0,추진단은     영향으로 현장점검에 앞서 서면자료 확보 및 현장 민원에 주안점을 두고 운영했으나  이달부터는 공익제보핫라인 등 다양한 방법을 통해 도민 누구나 제보할 수 있도록 홍보를 강화해 위법 사례를  ,1
385, 유페이  지역 아동 청소년 위한 교통카드 전달,0,또한  년  월에는 교통카드 장기미사용 충전 선수금  억원을 대구 사회복지공동모금회에 지정 기탁해 시민복지기금을 지원했으며  올해  월에는 신종    로 어려움을 겪는 대구 택시운송사업조합 소속  ,1
386,하나캐피탈  비대면 신차 구매자금대출   다이렉트 오토론  출시,0, 하나캐피탈 하나캐피탈이     로 인한 비대면   소비 흐름을 반영해   다이렉트 오토론 을 출시했다고  일 밝혔다    다이렉트 오토론 은 신차를 구입하는 손님이 영업점 방문과 대출서류 작성  차량에 대한  ,1
387,링크플로우 버넥트  비대면 원격 협업 솔루션 구축 위한   체결,0,링크플로우 김용국 대표는  최근 신종     바이러스 감염증   의 영향으로 다양한 산업 현장에서 원격 커뮤니케이션에 대한 필요성이 높아지고 있다  버넥트와의 협업을 통해 산업 현장의 업무 효율을  ,1
388,포스트     비대면 클라우드 협업 플랫폼   정식 오픈,1,포스트     시대에 걸맞은 이러한 언택트  비대면  방식의 구현은 타인과의 접촉을 피하면서도 도면과 문서관리를 혁신적으로 처리할 수 있는 플랫폼으로 주목할 만하다  이와 함께 관계자는  의  ,1
389,의왕시  요양보호사 양성과정 교육생 모집,0,홍석일 일자리과장은  이번 교육이    와 생애전환기로 취업에 어려움을 겪고 있는 중장년세대가 요양보호사로 새롭게 출발할 수 있는 디딤돌 역할을 해 줄 수 있을 것으로 기대한다 며   시에서는 교육생들이  ,1
390,  요미우리 신문  도쿄 올림픽 축소 개최 검토 ,1,연기된  올림픽을 축소 개최하는 방안에 대한 검토에 나섰다 요미우리 신문은 일  내년 여름까지     아베 신조 일본 총리는 그동안  년 연기를 통해  도쿄올림픽을    를 극복한 인류의 제전으로  ,1
391, 취재노트   년 전에도 약속한 학원법 개정  이번엔 믿을 수 있을까 ,1,  교육부는 지난  일     방역수칙을 어긴 학원을 처벌할 수 있는 규정이 없다며 학원법을 개정하겠다고      문제로 학원법 개정을 언급한 교육부  하지만 이미  년 전 메르스 사태 당시 이 문제점을 스스로  ,1
392, 사회공헌도 생활속 거리두기 홈쇼핑  소셜 임팩트 프로젝트  창업 특강  ,1,특히 올해는 신종    바이러스 감염증으로 인한  생활속 거리두기 를 준수하고자  사회혁신 창업에 성공한 대표들의 이야기를 듣고 소통하는 특히  창업특강  프로그램을 온라인으로 전환해 진행하고 있다  특히  ,1
393,군포시청 관악구 리치웨이 시흥대로  관련 확진자 동선 군포로 번길,0,보건소     검사 월  일 양성 판정   경기도의료원 파주병원 이송  군포시보건소  구급차량  한편  서울 관악구 다단계 판매업체 리치웨이에서 직원과 판매원 등  명이     확진 판정을 받았다  리치웨이  ,1
394,한국마사회      극복과 말산업 종사자들의 사업 유지 위한 자구책 추진,1,   에 맞서는 한국마사회의 키워드는  영역별 맞춤 지원  한국마사회의 특색을 살리는 동시에 사회적      위기 화훼농가 돕기에 앞장서는 한국마사회 화훼 농가 역시    로 생계에 직격탄을 맞았다  이에  ,1
395,한글과컴퓨터그룹 상사  글로벌 시장 공략위한 협약 체결,0,이날 양사는  차산업혁명 및 포스트    시대에 필요한 언택트 솔루션과 사물인터넷  인공지능 등  김상철 한컴그룹 회장은    를 겪으면서 정부부처  지자체  기업  학생 등 다양한 레퍼런스와 사용자들을  ,1
396,노인복지주택이 호텔로 둔갑   경기 공정복지 추진단  뜬다,0,추진단은     영향으로 현장점검에 앞서 서면 자료 확보 및 현장 민원에 주안점을 두고 운영했으나  이달부터는 공익제보핫라인 등 다양한 방법을 통해 도민 누구나 제보할 수 있도록 홍보를 강화해 위법 사례를  ,1
397,전자신문 지식재산권실무회 논리적 변호사  법률 플랫폼 사업 협력,0,   로 인해 당분간 비대면 중심 행사로 진행한다   개 기관은   변호사의  온라인 강의    전문가의  토크  등 유익하고 재미있는 법률 콘텐츠도 제공한다  법률 플랫폼 논리적변호사와 유튜브 채널  법률   ,1
398,서울시  자영업자 생존자금  신청  만명 천여 명 오늘 지원,0,서울시가     여파로 어려움을 겪는 소상인들을 위한  자영업자 생존자금 을 오늘 일  처음으로 지급합니다  서울시는 접수 순서에 따라  차 지급대상  천여 명이 선정됐고 이 중  인 자영업자가  라고  ,1
399,  경남 김해에  억 들여  제 데이터센터  짓는다,0,  관계자는  자체 보유한 통합 클라우드 서비스   사업을 확대하면서 기존 데이터센터인  의 데이터 수용 능력을 넘어선 새로운  데이터 허브 가 필요했다 며  포스트     시대에는 클라우드 수요  ,1
400,부산항만공사  물류목적 크루즈선  스펙트럼오브더시즈호   일 부산항 입항,0,밝혔다    사태 발생 이후 크루즈선의 부산항 입항은 지난  월  퀀텀오브더시즈호  이후  개월  이를 위해 부산항만공사는 정부와 협의를 통해 특별 검역과     검사   일간 지정된 시설에서 추가  ,1
401,안양시    청소년상 수상자 선정 김민주 학생 등  명  영예 ,1,시상식은 매년 월 네 번째 토요일인 안양시 청소년의 날 에 할 예정이었으나 올해는    장기화로 표창장을 각 학교로 전달해 수여토록 할 계획이다  최대호 안양시장은  축하의 말과 함께 시상식을 못해  ,1
402,신세계  재고면세품 온라인 판매 하루만에   품절 ,1,설치 수도 전주 같은 요일 대비  배 급증하면서 신규 회원 가입자 수는  배 늘었습니다  관세청은    로 쌓여가는 면세점 재고를 해소하기 위해 면세품의 내수 판매를  월까지 한시적으로 허용했습니다 ,1
403,영동군 공무원들  농촌 일손돕기 본격 추진,0, 중부매일 윤여군 기자 영동군 공무원들이 농촌일손돕기를 본격 추진하며    로 지친 농촌의 시름을  나채정 기획감사관은    로 인해 더욱 가중되고 있는 지역 농민들의 어려움을 살피고 지역사회와  ,1
404,쿠팡물류센터 확진자 동료 경기 광명에서 추가 확진,0,경기도 광명시는 일직동에 거주 중인  대 남성이     확진 판정을 받았다고 밝혔습니다  광명시는 이 남성이 부천 쿠팡 물류센터 확진자의 동료이며  지난달부터 자가격리를 해오다가  인후통 증상이 있어 검사를  ,1
405, 지자체의   하남시       학교방역 안전지킴이   명 배치,1,따른     확산 방지를 위해 지난  일 시청 대회의실에서 광주하남교육지원청과 함께  학교방역 안전지킴이   명의 사전 교육을 실시하고 유치원 및 학교에 배치했다   하남시청   지난  일     학교방역  ,1
406,청와대  카타르  선 수주  경제외교 결실 ,1,과학기술 기초연구 등을 조명한 사실도 소개했습니다  그러면서 과학기술인의 피와 땀이 원동력이 되어 한국이     속 세계가 주목하는 위기 극복 모델을 만들어가고 있음을 보여주고 있다고 강조했습니다 ,1
407,케이피엠테크  텔콘 제약과     치료제 개발사    휴머니젠  투자,0, 메디컬투데이 손수경 기자  케이피엠테크가 관계사 텔콘 제약과 신종   바이러스 감염증    치료제를 개발 중인 미국 바이오 기업에 투자했다  케이피엠테크는 텔콘 제약과 컨소시엄 형태로 총  ,1
408,매일유업  영동 레인보우 행복나눔에     후원품 기탁,1,김선희 대표는    를 막기 위해 많은 공직자분들과 지역 사회단체 회원들이     예방과 방역활동에 적극 나서 주셔서 확진자 없이 군민들이 안심하고 생활하고 있다 며  건강하게 지내시고 조금 더 힘을  ,1
409,수원  대 남성 확진 서울 구로구 확진자와 접촉 추정,1,경기도 수원시는 권선구에 사는  대 남성이     확진판정을 받았다고 밝혔습니다  이 남성은 지난달  추정하고  자세한 감염경로를 조사하고 있습니다  이로써 수원시 관내     확진자는 모두  명이 됐습니다 ,1
410,감염병 진단검사 거부 시 신고 확진자 동선 공개 이의제기 가능,0,앞으로    와 같은 감염병이 발생했을 때 의심 환자가 진단 검사를 거부하면 의료인이 보건당국에 신고해서 검사를 받도록 할 수 있습니다  또     등 감염병 확진 판정으로 동선이 공개돼 인권과 사생활을  ,1
411,포스코갤러리  제  회 포항미술협회 정기전 개최,0,이번 정기전을 통해     사태로 지쳐있는 마음을 위로할 편안하고 감성적인 작품들을 감상할 수 있다  권종민 포항미술협회장은    로 어려운 상황에도 소중한 작품을 출품해주신 회원 분들께 감사드린다  ,1
412,한국전쟁  주년 허창수  한미동맹 힘입어 자유시장경제 수호 ,1, 일 전경련에 따르면 허창수 회장은 미국 의회에 감사서한을 송부해  먼저    로 매우 힘든 시간을 보내고 있을 미국 국민에게 위로의 말씀을 전한다 며  한국전쟁이 일어난 지  년인 지금 지난 시간 동안  ,1
413,화면으로 박원순 만난  총 균 쇠  저자  세계가 한국     대응 배워야 ,0,한국의     대응  모델을 배워야 한다 고 강조했다  전 세계 도시들이 동시에 겪는 새로운 감염병인 만큼 한국처럼 위기를 극복한 사례를 적용해 피해를 최소화해야 한다는 취지다   일     극복과 대응을 위한  ,1
414,김부겸  대권 대신 당권 택하나 년 완주 카드  꺼낼 듯,1,원외 신분인 김 전 의원으로서는     국난극복에 앞장서는 여당 대표로 활동하는 기회를 차차기 대선에 도전하기 위한 발판으로 삼을 수 있다  현재 민주당 전당대회는 이 의원  김 전 의원과 함께 홍영표 의원과  ,1
415,한우 등심    만원 시대  가격 언제 떨어지나,1,신종    바이러스 감염증   으로 인한 가정식 수요 증가와 긴급재난지원금 지급 효과가 맞물리면서 한우 가격이 지속해서 상승하고 있다   일 축산물품질평가원 축산유통정보에 따르면  일 한우  등급  ,1
416,소진공 임직원  전통시장 소비 활성화 나섰다,0,인해    로 큰 타격을 입었던 전통시장에 서서히 활기가 돌고 있다  이 활기가 계속 이어질 수 있도록 지속적인 관심이 필요하다 고 말했다  이에 대해 조 이사장은  전국의 전통시장이    로 매우 힘든 시기를  ,1
417,화천군  음압 구급차량 구입  특수장비  탑재,1,강원 화천군 보건의료원이 신속한     대응을 위해 음압 구급차량을 구입했다  화천군은     확진자 발생 시 신속히 이송할 수 있는 음압 구급차량을 구입해 업무에 배치했다고  일 밝혔다  구급차 구입 예산은  ,1
418,이글루시큐리티  컴퍼니비와 손잡고 기술 기반 스타트업 발굴 및 투자 추진,0,이글루시큐리티가 포스트     시대에 부합하는 차세대 기술 확보를 위해 중소벤처기업부 공인 액셀러레이터인 컴퍼니비와 함께  스타트업 투자 및 멘토링 추진을 위한 상호 협력  협약을 체결했다  지난 몇 년간   ,1
419,청  카타르  선  척 수주  문 대통령 경제외교의 결실 ,0,윤재관 청와대 부대변인 연합뉴스 윤 부대변인은  정상회담을 통해 양국간 협력을 에너지 외에 의료    등으로 확장했고  최근 카타르에     관련 진단장비 공급과  방역 경험 공유 등 양국 간 협력의 범위를  ,1
420,대구 상원중  학년      확진,1,대구시 달서구 상인동에 위치한 상원중학교 학생 한 명이     확진 판정을 받았다   일 대구시에 따르면 이날 오전 상원중  학년 학생이     검사에서 양성 판정을 받았다고 밝혔다      공식 통계에는  ,1
421,포스트     시대 불교 명상 이 뜬다,1,특히     사태 속에서 불교의 가르침을 기반으로 하는 명상 수행이 대중과 만나는 지점을 넓혀 나갈  이를 직접 선보인 선일스님은 지금의     사태를 극복할  치유의 약 으로 두 가지 명상 수행법을  ,1
422, 파리바     채권  국제금융시장서  조 천억원어치 발행 ,0,국제금융시장에서     채권이  천 억달러 약  조 천억원 어치 발행된 것으로 집계됐다   일  규모의     채권을 발행했다      채권은 조달 자금이     위기 극복에 쓰이는 채권을 말한다  ,1
423, 세계의 눈      영향  현대차 매출 큰 타격  하지만   차량은 순항  ,1,글로벌기업 현대 기아차가    의 여파로 해외시장에서 고전을 면치 못하고 있는 가운데에서도  시장은 선방을 하고 있는 것으로 나타났다  그래픽 황성환 뉴스워커 그래픽 팀 기자    로 인한 세계적인  ,1
424,중부발전  소규모 태양광사업자   판매대금  선 지급 ,0,한국중부발전 본사 전경 한국중부발전 사장 박형구 은     장기화로 인해 경제적 어려움을 겪고 있는  중부발전 박형구 사장은    로 모두가 어려운 시국을 함께 극복할 수 있는 조치를 적극 발굴해  ,1
425,    함께 극복 박종환 자유총연맹 총재  캠페인 참여,1,박종환 한국자유총연맹 총재 신종    바이러스 감염증    극복과 조기 종식을 위한 응원과 격려를 전하는  스테이 스트롱    캠페인에 동참했다  자유총연맹은 박 총재가 박항서 베트남 축구  ,1
